原始词	标准词
横结肠造口还纳术	横结肠造口闭合术
右肾上腺巨大肿瘤切除术	肾上腺病损切除术
左侧单侧乳房根治性切除术	单侧根治性乳房切除术
经皮三叉神经半月节射频热凝术	三叉神经半月节射频热凝术
经内镜支撑喉镜下双侧声带小结摘除术	内镜下声带病损切除术
肋骨病损切除术	肋骨病损切除术
腰椎间盘髓核切除术	腰椎髓核切除术
双侧腔镜下交感神经切断术(胸腔镜下)	胸腔镜下交感神经切断术
经皮髂骨成形术	骨盆成形术
左侧大隐静脉高位结扎分段剥脱术	大隐静脉高位结扎和剥脱术
右叶甲状腺切除、左叶甲状腺部分切除术	单侧甲状腺切除伴他叶部分切除术
左侧半月神经节温控射频热凝术	三叉神经半月节射频热凝术
左甲状腺部分切除+右甲状腺腺叶切除术	单侧甲状腺切除伴他叶部分切除术
支撑喉镜下喉肿瘤活检术	闭合性[内镜]喉活组织检查
右侧甲状腺肿物切除术	甲状腺病损切除术
袖套式包皮环切术	包皮环切术
左单侧甲状腺切除伴甲状腺峡部切除术	单侧甲状腺切除伴甲状腺峡部切除术
腹腔镜下左侧肾盂输尿管成形术	腹腔镜下肾盂输尿管成形术
右侧乙状窦后入路听神经瘤切除术+脑脊液切口瘘修补术+颅骨骨瓣修补术+颅内神经刺激器置入术(颅内压传感器探头)	颅内压监测##颅骨瓣形成##脑脊液切口漏修补术##经乙状窦后入路听神经瘤切除术
左甲状腺切除术+右甲状腺部分切除术	单侧甲状腺切除伴他叶部分切除术
左桡骨内固定拆除术	桡骨内固定装置去除术
右肾输尿管切除术	肾输尿管切除术
双侧腹股沟斜疝无张力修补术	双侧腹股沟斜疝无张力修补
左眼球结膜缝线+可调节缝线拆除术	结膜缝线去除
左侧三叉神经感觉后根切断术	切断三叉神经
右三叉神经射频热凝术（Ⅲ支）	颅和周围神经的破坏术
右甲状腺全切、左甲状腺次全切除术	单侧甲状腺切除伴他叶部分切除术
YAG激光虹膜切开术（右）	虹膜激光切开术
右额叶病损切除术(神经导航+电生理)	额叶病损切除术
右颈部静脉瘤切除术	颈部血管瘤切除术
眼睑肿物切除术	去除眼睑病损
经尿道绿激光前列腺汽化术	经尿道(超声)激光诱导前列腺切除术(TULIP)
膝关节镜下探查术	关节镜膝关节检查
神经导航下左侧蝶骨嵴脑膜瘤显微切除术。	脑膜病损切除术
根治性肾切除术(后腹腔镜)	腹腔镜下单侧肾切除术
输尿管镜下碎石取石术	经尿道输尿管和肾盂梗阻去除
支撑喉镜下喉乳头状瘤摘除术	支撑喉镜下喉病损切除术
脊髓肿瘤切除术	脊髓病损切除术
抗青光眼手术+激光小梁成形术[ALP、KLP]	氪激光小梁成形术[KLP]##氩激光小梁成形术[ALP]
双足多趾切除术	多趾截除术
尿道冷刀切开	尿道切开术
输尿管置管术	输尿管导管插入术
脑膜病损切除术	脑膜病损切除术
奇神经节射频毁损术	颅和周围神经的破坏术
(其他微创)脑室-腹腔分流术((02.3401))	侧脑室腹腔内分流术
经鼻蝶神经内镜垂体瘤切除术	经蝶骨垂体病损切除术
右眼白内障超声乳化抽吸术+人工晶体置入术	置入人工晶状体##白内障晶状体乳化和抽吸
左侧脑膜切开伴硬脑膜下腔血肿清除术	脑膜切开伴硬脑膜下腔血肿清除术
低温等离子手术系统辅助双扁桃体切除术、腺样体消融术	扁桃体部分切除伴腺样体切除术
子宫下段剖宫产术（二次）	低位子宫下段剖宫产
双侧输尿管支架更换术	输尿管支架置换术
左侧单侧甲状腺切除术	单侧甲状腺叶切除术
左三叉神经痛微血管减压术	三叉神经微血管减压术
右肩关节脱位闭合复位术	肩脱位闭合性复位术
鼻中隔成形术	修正性鼻成形术
舌系带延长术+成形术	舌系带整形术
全髋关节置换	全髋关节置换
右侧腕部正中神经松解术	正中神经松解术
右三叉神经痛微血管减压术	三叉神经微血管减压术
胆道镜检查术	胆道镜检查术
DSA下肝动脉栓塞术(化疗栓塞)	动脉化疗栓塞
支撑喉镜下CO2激光左声带肿物切除术	内镜下声带病损激光切除术
游离皮片移植术	游离皮肤移植
左耳I型鼓室成形术	鼓室成形术,I型
IABP置入术	主动脉球囊反搏置入术
腹腔镜子宫肌瘤剥除术	子宫肌瘤切除术
髌骨骨折切开复位聚髌器内固定术	髌骨骨折切开复位内固定术
胸部超声引导下经皮房间隔缺损封堵术	房间隔缺损闭式封堵术
左顶钻孔硬膜下血肿外引流术	脑膜切开术
颈动脉内膜切除术	颈动脉内膜切除术
右甲状腺切除+左甲状腺次全切除术	单侧甲状腺切除伴他叶部分切除术
左股骨颈骨折空心钉内固定术	股骨内固定术
肩锁关节脱位切开复位钢板内固定术	肩锁关节脱位切开复位内固定术
胸腔镜下经右胸纵隔囊肿切除术	胸腔镜下纵隔病损切除术
腹腔镜下肾上腺部分切除术(右侧)	腹腔镜肾上腺部分切除术
神经内镜下经鼻脑脊液鼻瘘修补术	内镜下脑脊液鼻漏修补术
腹腔镜下右侧输卵管切除术	腹腔镜单侧输卵管切除术
左眼巩膜外加压术	巩膜外加压术
后腹腔镜右肾上腺腺瘤切除术	腹腔镜肾上腺病损切除术
腹腔镜下单侧腹股沟斜疝无张力修补术	单侧腹股沟斜疝无张力修补术
经尿道输尿管碎石术	经尿道输尿管和肾盂梗阻去除
Duckett' Method尿道成形术	尿道成形术
右侧L5神经根封闭术	脊神经根阻滞术
经电视胸腔镜行右肺下叶楔形切除术	胸腔镜下肺楔形切除术
左侧甲状腺肿物切除术	甲状腺病损切除术
肋间神经封闭术	肋间神经阻滞术
右胸壁包块切除术	胸壁病损切除术
乳房病损切除术	乳房病损局部切除术
输尿管镜下尿道扩张术	尿道扩张
右侧侧脑室穿刺外引流术	脑池穿刺
鼻咽活检术((29.1202))	鼻咽活组织检查
尿道扩张+输尿管镜检+经尿道激光碎石术+双J管置换术	经尿道输尿管/肾盂激光碎石术##输尿管镜检查##输尿管支架置换术##尿道扩张
全椎板切除减压术	椎板切除减压术
内镜下三脑室底造瘘术	神经内镜第三脑室造口术
右侧岛叶胶质瘤切除术	岛叶病损切除术
尿道成形	尿道成形术
颅骨缺损钛板修补术	颅骨钛板置入术
胸腔镜右肺上叶占位楔形切除术	胸腔镜下肺病损切除术
(输尿管（或尿道）镜左侧)输尿管口扩张+输尿管镜下钬激光碎石术+输尿管镜下取石术+输尿管D-J管置入术((56.9101+56.0006+56.0001+56.9201))	经尿道输尿管/肾盂激光碎石取石术##经尿道输尿管支架置入术##输尿管扩张术
左拇指全形再造术	拇指再附着
经腹腔路径腹腔镜左肾上腺切除术	腹腔镜单侧肾上腺切除术
大脑开颅右额叶占位性病变切除术	额叶病损切除术
右侧下位甲状旁腺腺瘤切除术	甲状旁腺病损切除术
左侧扁桃体肿物切除术	扁桃体病损切除术
右侧支撑喉镜下声带息肉切除术	内镜下声带病损切除术
非血管介入: 经皮肾造瘘术	肾造口术
右甲状腺腺叶切除+左甲状腺部分切除	单侧甲状腺切除伴他叶部分切除术
腓骨内固定装置取出术	腓骨内固定装置去除术
舌系带延长术+舌系带成形术	舌系带整形术
膀胱镜拔双J管	膀胱镜D-J管取出术
腹腔镜左侧肾上腺切除术。	腹腔镜单侧肾上腺切除术
经尿道前列腺电切术经尿道前列腺电切术	经尿道前列腺切除术（TURP）
原切口入路颅骨修补术	颅成形术
左肺上叶舌段切除	肺节段切除术
支撑喉镜显微镜下右侧声带囊肿切除术	支撑喉镜下声带显微缝合术
左跟腱缝合修补术	肌腱修补术
尿道口囊肿切除术+包皮环切术	尿道口病损切除术##包皮环切术
左示指清创再植术	手指断指再植术
双侧乳房病损微创旋切术(麦默通)	乳房病损局部切除术
支撑喉镜下CO2激光会厌囊肿切除术	内镜下会厌病损激光切除术
下颌骨骨折切开复位内固定	下颌骨骨折切开复位内固定术
支撑喉镜下声带肿物取病理术	内镜下声带活组织检查术
肾上腺肿瘤切除术	肾上腺病损切除术
经尿道输尿管镜下左侧输尿管支架管取出术	输尿管镜输尿管支架取出术
右肺下叶部分切除	肺叶部分切除术
经尿道离子束刀前列腺切除术	经尿道前列腺切除术（TURP）
右侧颅骨修补术	颅成形术
锁骨骨折内固定取出术	锁骨内固定装置去除术
幕上开颅右额叶占位切除术	额叶病损切除术
胸腔镜右肺中叶切除术	胸腔镜下肺叶切除术
左额脑膜瘤切除术	脑膜病损切除术
腹腔镜下膀胱根治性切除术	腹腔镜下膀胱根治切除术
子宫次全切术	子宫次全切除术
经内镜支撑喉镜下双侧声带息肉切除术	内镜下声带病损切除术
鞍结节脑膜瘤切除术	脑膜病损切除术
右侧睾丸下降固定术	睾丸固定术
子宫下段二次剖宫产术	低位子宫下段剖宫产
左肺上叶切除切除	肺叶切除术
经皮椎体成型术	经皮椎骨成形术
右肾动脉支架成形术	肾动脉支架置入术
窦旁脑膜瘤切除术	脑膜病损切除术
支撑喉镜下CO2激光右声带新生物切除术	内镜下声带病损激光切除术
双侧重睑成形术	重睑术
B超引导下肾穿刺活组织检查	肾穿刺活组织检查
(右侧)颅内硬膜下冲洗术((01.0903))	脑膜切开术
肾同种异体移植术+异体供肾取肾术+移植肾修整术+膀胱瓣代输尿管术	移植肾修补术##膀胱瓣代输尿管术##肾异体移植术##供肾取肾术
腹腔镜下肾部分切除术+肾裂伤缝合术（左侧）	肾裂伤缝合术##腹腔镜下肾部分切除术
神经内镜下脑内血肿引流术	内镜下脑血肿引流术
关节镜检查	关节镜检查
胸腔镜下肺减容术	胸腔镜下肺减容术
人工全髋置换术	全髋关节置换
经皮肾镜碎石取石术（左侧）	经皮肾镜碎石术（PCNL）##经皮肾镜取石术
经鼻内镜鼻腔肿瘤切除术	内镜下鼻内病损切除术
左肾盂成形术	肾盂成形术
胫骨内固定装置去除	胫骨内固定装置去除术
鼻内镜下鼻咽部肿物活检术	内镜下鼻咽活组织检查
开颅右侧去骨瓣减压术	颅骨去骨瓣减压术
右侧甲状腺全切，左侧甲状腺次全切除术	单侧甲状腺切除伴他叶部分切除术
后腹腔镜下左侧肾上腺切除术	腹腔镜单侧肾上腺切除术
腰后路间盘镜下髓核摘除术	内镜下腰椎髓核切除术
左半尿路切除术	肾输尿管切除术
左胫骨平台内固定拆除术	胫骨内固定装置去除术
右膝关节表面置换术（邦美公司）	全部膝关节置换
上腹下神经丛毁损术	颅和周围神经的破坏术
周围神经肿瘤切除术	周围神经病损切除术
支撑喉镜下声带白斑摘除术	内镜下声带病损切除术
右侧侧脑室钻孔外引流术	脑室钻孔引流术
阴茎延长术	阴茎延长术
支撑喉镜显微镜下声带肿物切除术	支撑喉镜下声带显微缝合术
左侧侧脑室占位切除术	侧脑室病损切除术
右侧肾上腺切除术	单侧肾上腺切除术
左膝关节肿物切除术	膝关节病损切除术
右输尿管镜检+气压弹道碎石+双J管植入术	经尿道输尿管/肾盂气压弹道碎石术##经尿道输尿管支架置入术##输尿管镜检查
右侧选择性三叉神经感觉根切断术。	切断三叉神经
右下肢大腿中上1/3截肢术	大腿截断术
右肾体外冲击波碎石术	肾体外冲击波碎石术
VATS右肺中叶楔形切除术	胸腔镜下肺楔形切除术
甲状旁腺病损切除术	甲状旁腺病损切除术
左股骨转子间骨折切复内固定	股骨骨折切开复位内固定术
腘窝囊肿切除	腘窝囊肿切除术
输尿管镜下钳夹取石术（左）	经尿道输尿管/肾盂取石术
幕上开颅右额叶肿瘤切除术	额叶病损切除术
电视胸腔镜下双侧胸交感神经链选择性切断术	胸腔镜下交感神经切断术
面骨坚固内固定物取出术	去除面骨内固定装置
左眼虹膜周边切除术	虹膜周边切除术
尿道扩张+右侧输尿管支架管置入术	经尿道输尿管支架置入术##尿道扩张
左侧甲状旁腺腺瘤切除术	甲状旁腺病损切除术
DSA引导下双侧L3-5脊神经根粘连松解术（手术代码;03.6002)	脊髓神经根粘连松解术
双侧主要手术名称经尿道前列腺电切术	经尿道前列腺切除术（TURP）
腰椎神经根脉冲热凝射频术	颅和周围神经的破坏术
膝关节镜检，腘窝囊肿切除。	关节镜膝关节检查##腘窝囊肿切除术
经尿道输尿管镜激光碎石术	经尿道输尿管/肾盂激光碎石术
左手示指清创再植术	手指断指再植术
硬脑膜动静脉瘘介入栓塞术	动静脉瘘栓塞术
腹腔镜右肾切除	腹腔镜下单侧肾切除术
右额脑膜瘤切除术	脑膜病损切除术
尿道下裂修复术（duplay）	尿道下裂修补术
左侧小脑半球占位切除术	小脑半球病损切除术
经左胸胸腔镜左上肺切除术	胸腔镜下肺叶切除术
经尿道膀胱肿物活检术	闭合性[经尿道]膀胱活组织检查
左眼角膜缝线拆除术	角膜缝线去除
右踝关节融合术后内固定取出术。	踝关节内固定装置去除术
主动脉－冠状动脉旁路移植术	主动脉冠状动脉旁路移植，为心脏血管再形成术
支撑喉镜下右声带息肉、左声带小结切除术	内镜下声带病损切除术
内镜下会厌囊肿切除术	内镜下会厌病损切除术
支撑喉镜内镜辅助下声带肿物切除术	内镜下声带病损切除术
胸腔镜下左下肺结节楔形切除术	胸腔镜下肺病损切除术
支撑喉镜下喉血管瘤切除术	支撑喉镜下喉病损切除术
尺神经前移术	尺神经移位术
胸骨正中劈开胸腺扩大切除术	胸腺扩大切除术
后腹腔镜下左肾上腺囊肿切除术	腹腔镜肾上腺病损切除术
肾动脉支架成形术（左）	肾动脉支架置入术
左侧甲状腺癌根治术(甲状腺叶伴峡部切除术)	单侧甲状腺切除伴甲状腺峡部切除术
右甲状腺叶切除+左侧甲状腺大部腺叶切除术。	单侧甲状腺切除伴他叶部分切除术
漏斗胸内固定物取出术	胸骨内固定装置去除术
带蒂皮瓣断蒂术	带蒂皮瓣断蒂术
股骨病损切除术	股骨病损切除术
鼻内镜下腺样体吸割术+双侧鼓室探查术+双侧鼓膜置管术	鼓膜切开术伴置管##鼓室探查术##内镜下腺样体切除术
颅骨修补术（钛网）	颅骨钛网置入术
支撑喉镜下、显微镜下、双侧声带肿物切除术	支撑喉镜下声带显微缝合术
TURP+膀胱穿刺造瘘术	经尿道前列腺切除术（TURP）##经皮膀胱造口术
双侧睾丸切除	同一次手术中去除双侧睾丸
尿道口新生物切除术	尿道口病损切除术
门静脉支架置放术	门静脉支架置入术
输尿管镜尿道检查术	输尿管镜检查
右侧甲状腺腺叶切除+峡部切除术	单侧甲状腺切除伴甲状腺峡部切除术
左后上纵隔肿物切除术	纵隔病损切除术
左锁骨上淋巴结清扫术	锁骨上淋巴结清扫术
右示指清创残端修整术	截断残端的修复术
右输尿管镜碎石取石术+双J管置入术	经尿道输尿管和肾盂梗阻去除##经尿道输尿管支架置入术
胫骨髓内针内固定术	胫骨内固定术
双侧腔镜下交感神经切断术	胸腔镜下交感神经切断术
经尿道输尿管囊肿切开术	输尿管病损切除术
左侧尺神经前置术	尺神经移位术
胸腔镜双侧胸交感神经链切断术	胸腔镜下交感神经切断术
经导管房间隔缺损封堵术	房间隔缺损闭式封堵术
双侧下颌角截骨术。	下颌骨截骨成形术
右额叶占位病变切除术	额叶病损切除术
颅内压监护探头置入术。	颅内压监测
膀胱镜下输尿管支架管取出术	膀胱镜输尿管支架取出术
脑室心房分流术	脑室心房分流术
心脏除颤器植入术	心脏除颤器置入术
经尿道膀胱肿瘤电切治疗	经尿道膀胱病损切除术
左额镰旁脑膜瘤切除术	脑膜病损切除术
支撑喉镜下喉部肿物切除术	支撑喉镜下喉病损切除术
支撑喉镜下喉部新生物摘除术	支撑喉镜下喉病损切除术
右膝关节松解术	膝关节松解术
双侧脑室-腹腔分流术	侧脑室腹腔内分流术
右侧小腿截肢术	小腿截断术
右腮腺浅叶切除术	腮腺叶切除术
右侧甲状腺切除伴甲状腺峡部切除术	单侧甲状腺切除伴甲状腺峡部切除术
右甲状腺叶切除术。	单侧甲状腺叶切除术
前交通动脉瘤介入栓塞术	经导管颅内动脉瘤栓塞术
左侧输尿管结石碎石术	经尿道输尿管和肾盂梗阻去除
关节穿剌术	关节穿刺术
CT引导下选择性脊神经根注射术	周围神经注射
支撑喉镜下双侧声带囊肿切除术	内镜下声带病损切除术
腺样体切吸术	腺样增殖体切除术不伴扁桃体切除术
左侧输尿管镜取石术+D-J管留置术	经尿道输尿管/肾盂取石术##经尿道输尿管支架置入术
右甲状腺腺叶切除术	单侧甲状腺叶切除术
Poppen入路脑膜瘤切除术	脑膜病损切除术
唇裂整复术	裂唇修补术
甲状腺左叶腺叶及右叶部分切除术	单侧甲状腺切除伴他叶部分切除术
[经皮导管房间隔缺损封堵术]	房间隔缺损闭式封堵术
利凡诺羊膜腔注射流产	利凡诺羊膜腔内注射终止妊娠
内镜下结肠息肉切除术	内镜下结肠病损切除术
胸腔镜下肺部病损切除术	胸腔镜下肺病损切除术
双股骨远端骨骺固定术	骨骺固定术
椎体成形术	经皮椎骨成形术
左膝关节置换术(Smith&Nephew)	全部膝关节置换
开颅蝶骨嵴脑膜瘤切除术	脑膜病损切除术
经尿道左输尿管结石TUL术	经尿道输尿管/肾盂气压弹道碎石术
右上臂动静脉造瘘术,为肾透析	为肾透析，动静脉吻合术
右侧甲状腺全切除+左侧甲状腺部分切除术	单侧甲状腺切除伴他叶部分切除术
左大腿中下1/3截肢术	大腿截断术
左侧肾上腺肿物切除术	肾上腺病损切除术
腰椎间盘造影术	椎间盘造影
左侧腹腔镜下单侧肾上腺切除术	腹腔镜单侧肾上腺切除术
左股骨头减压术	股骨减压术
左侧甲状腺腺叶切除术+右侧甲状腺部分切除术	单侧甲状腺切除伴他叶部分切除术
[手术名称]经鼻蝶入路神经内镜下垂体瘤切除术	经蝶骨垂体病损切除术
左股骨颈骨折人工全髋关节置换术	全髋关节置换
右乳导管剥离+区段切除+术中冰冻	乳房病损局部切除术
颅骨凹陷骨折整复术	颅骨骨折复位术
神经导航下右顶叶脑膜瘤显微切除术。	脑膜病损切除术
输尿管镜检查术+输尿管双“J”管取出术((56.3101+97.6201))	输尿管镜检查##输尿管双“J”管取出术
(腹腔镜右侧)腹腔镜下输尿管切开取石术((56.2004))	腹腔镜下输尿管切开取石术
脑室腹腔分流管拔除术	脑室分流管去除术
右甲状腺腺叶+左甲状腺部分切除术	单侧甲状腺切除伴他叶部分切除术
右侧甲状腺全切术+左侧甲状腺次全切术	单侧甲状腺切除伴他叶部分切除术
开颅鞍区占位切除术	鞍区病损切除术
右侧大脑病损切除术	大脑病损切除术
支撑喉镜下显微镜下右侧声带肿物切除术	支撑喉镜下声带显微缝合术
包皮环切	包皮环切术
右甲状腺癌根治术（右甲全切+左甲次全切除术）	单侧甲状腺切除伴他叶部分切除术
右侧甲状腺全切术	单侧甲状腺叶切除术
右侧支撑喉镜下声带囊肿切除术	内镜下声带病损切除术
选择性左右心导管检查术	联合的右心和左心导管置入
[右侧脑室钻孔引流术]	脑室钻孔引流术
双侧脑深部刺激电极置入术	脑深部电极置入术##颅神经刺激脉冲发生器植入
胸腔镜后纵隔肿瘤切除术	胸腔镜下纵隔病损切除术
支撑喉镜下声带息肉切除	内镜下声带病损切除术
3D腹腔镜下萎缩性胆囊切除术	腹腔镜下胆囊切除术
电视喉镜下喉新生物活检术	闭合性[内镜]喉活组织检查
腹腔镜辅助右半结肠癌根治术	腹腔镜右半结肠切除术
锁骨内固定取出术((78.6101))	锁骨内固定装置去除术
单操作孔胸腔镜下肺楔形切除术	胸腔镜下肺楔形切除术
输尿管镜下钬激光碎石术+输尿管扩张术+DJ管置入术	经尿道输尿管支架置入术##输尿管扩张术##经尿道输尿管/肾盂激光碎石术
左侧胸壁占位切除术	胸壁病损切除术
CT引导下肝囊肿穿刺引流	肝囊肿穿刺引流术
膀胱镜下拔双J管	膀胱镜D-J管取出术
胸腔镜下交感神经切断术(双侧胸交感神经)	胸腔镜下交感神经切断术
左侧翼点入路脑内血肿清除术	脑血肿切开引流术
显微支撑喉镜下右侧声带息肉切除术	支撑喉镜下声带显微缝合术
经鼻入路垂体瘤切除术	经蝶骨垂体病损切除术
腮腺肿瘤（肿块）切除术+面神经解剖术((26.2910+04.0701))	面神经解剖术##腮腺病损切除术
左侧半月神经节脉冲射频术	颅和周围神经的破坏术
股骨内固定物取出术	股骨内固定装置去除术
腰椎骨折球囊后凸成型术	经皮椎体球囊扩张成形术
低温等离子刀辅助下腺样体切除术	腺样体等离子切除术
膝关节置换	全部膝关节置换
支撑喉镜下二氧化碳激光左侧声带新生物切除术	内镜下声带病损激光切除术
胸交感神经切除术(胸腔镜下)	胸腔镜下交感神经切断术
腹腔镜下十二指肠溃疡穿孔修补术	腹腔镜十二指肠溃疡修补术
输尿管镜下置D-J管术（左）	经尿道输尿管支架置入术
L3椎体成形术	经皮椎骨成形术
乙状窦后入路右侧听神经瘤切除术	经乙状窦后入路听神经瘤切除术
左侧甲状腺叶全切除术	单侧甲状腺叶切除术
喉镜下喉新生物活检术	闭合性[内镜]喉活组织检查
右股骨肿瘤穿刺活检术	股骨活组织检查
右尺骨鹰嘴骨折内固定拆除术	尺骨内固定装置去除术
胸腔镜左前上纵隔肿瘤切除术	胸腔镜下纵隔病损切除术
翼状胬肉切除术+结膜移植术	翼状胬肉切除伴结膜移植术
胸腔镜肺楔形切除术	胸腔镜下肺楔形切除术
腹主动脉覆膜支架植入腔内隔绝术	腹主动脉覆膜支架腔内隔绝术
支撑喉镜下喉部肿物活检术	闭合性[内镜]喉活组织检查
(其他微创)腰椎体成形术（修补术）((03.5304))	经皮椎骨成形术
胸主动脉透壁性溃疡腔内修复术	胸主动脉移植物的血管内植入术
左侧颞叶占位切除术	颞叶病损切除术
胃ESD	内镜下胃黏膜下剥离术[ESD]
经T管胆道镜检查	经T管胆道镜检查
趾骨内固定物取出术	趾骨内固定装置去除术
大脑开颅左侧额叶肿瘤切除术	额叶病损切除术
腰1椎体压缩骨折PKP术	经皮椎体增强
右甲状腺腺叶峡部切除术	单侧甲状腺切除伴甲状腺峡部切除术
T12椎体后凸成形术	经皮椎体增强
皮肤病理活检术	皮肤和皮下组织的活组织检查
尿道口病损切除术	尿道口病损切除术
隐匿性阴茎延长术	阴茎延长术
左前臂动静脉瘘修补术	动静脉瘘修补术
(胸腔镜右侧)纵隔肿瘤切除术((34.3003))	胸腔镜下纵隔病损切除术
(输尿管（或尿道）镜左侧)输尿管镜下钬激光碎石术((56.0006))	经尿道输尿管/肾盂激光碎石术
胸骨后甲状腺病损切除术	胸骨后甲状腺病损切除术
右手多指截指术	上肢截断术
去颅骨骨瓣减压术	颅骨去骨瓣减压术
右肾铸型结石PCNL术	经皮肾镜碎石术（PCNL）
左额叶肿瘤切除术	额叶病损切除术
胸腔镜下右肺下叶楔行切除术	胸腔镜下肺楔形切除术
右单鼻孔经碟入路垂体瘤切除术	经蝶骨垂体病损切除术
后腹腔镜下左肾上腺大部分切除术	肾上腺大部切除术
尺神经移位术	尺神经移位术
上腔静脉支架植入术	上腔静脉支架置入术
(腹腔镜右侧)经脐单孔腹腔镜右肾囊肿去顶术	腹腔镜下肾囊肿去顶术
大脑开颅右侧额叶占位切除术	额叶病损切除术
肾盂成形术左侧	肾盂成形术
腰后外侧椎间孔入路内镜下间盘摘除术	内镜下腰椎间盘切除术
右侧腮腺病损切除术	腮腺病损切除术
右大隐静脉高位结扎分段剥脱术	大隐静脉高位结扎和剥脱术
硬脑膜下血肿钻孔引流术	硬脑膜下钻孔引流术
甲状腺左叶切除，右叶次全切除术	单侧甲状腺切除伴他叶部分切除术
右肩关节镜检查+肩袖修补术+肩关节松解术	关节镜肩关节检查##关节镜肩关节松解术##回旋肌环带修补术
左胫骨外固定架取出术	胫骨外固定装置去除术
右侧颈动脉体瘤切除术。	颈动脉体瘤切除术
大脑开颅蛛网膜囊肿切除术	脑蛛网膜病损切除术
右肾经皮肾镜碎石术	经皮肾镜碎石术（PCNL）
右中指伸肌腱吻合术	手部伸肌腱缝合术
右距下关节植骨融合术。	距骨下融合术
右心导管术	右心导管置入
支撑喉镜下左声带新生物切除术	内镜下声带病损切除术
右腕管切开、正中神经松解术。	正中神经松解术
左足多趾切除术	多趾截除术
血栓性外痔切除术	血栓性痔清除术
CT引导下半月神经节温控射频脉冲热凝术	三叉神经半月节射频热凝术
腹壁子宫内膜异位病灶切除术	腹壁病损切除术
左胫骨髓内钉取出术	胫骨内固定装置去除术
分娩流产后电吸刮宫术	流产后电吸刮宫术
VATS左上肺舌段切除术	胸腔镜肺叶节段切除术
右侧颞叶病损切除术	颞叶病损切除术
乳腺肿物冰冻+根治术	乳房病损局部切除术
腹腔镜下左侧肾上腺部分切除术	腹腔镜肾上腺部分切除术
双侧副乳切除整复术	副乳腺切除术
(左侧)肾根治切除术((55.5103))	单侧肾切除术
趾离断术	趾截断术
椎间孔镜下神经根松解术	颅和周围神经粘连的松解术和减压术
经皮穿刺腰1椎体成形术	经皮椎骨成形术
左侧肾盂成型术	肾盂成形术
(胸腔镜左侧下部)肺楔形切除术	胸腔镜下肺楔形切除术
右下肢骨软骨瘤切除术	骨病损或组织的局部切除术
立体定向下双侧脑深部电极植入刺激术	脑深部电极置入术
内镜支撑喉镜下声带囊肿切除术	内镜下声带病损切除术
左侧甲状腺全部切除术	单侧甲状腺叶切除术
DSA引导下右侧L5-S1脊髓和神经根粘连松解术	脊髓和神经根粘连的松解术
后正中入路小脑蚓部肿瘤切除术	小脑蚓部病损切除术
支撑喉镜显微镜下声带囊肿切除术	支撑喉镜下声带显微缝合术
VATS前纵隔肿瘤切除术	胸腔镜下纵隔病损切除术
腰2椎体压缩性骨折术后骨性愈合内固定物取出术	脊柱内固定装置去除术
经支撑喉镜声带良性肿物切除术	内镜下声带病损切除术
(右侧)甲状腺腺叶切除术	单侧甲状腺叶切除术
全麻显微支撑喉镜下右侧声带新生物切除术	支撑喉镜下声带显微缝合术
左膝关节血管瘤切除术	膝关节病损切除术
左正中神经松解术。	正中神经松解术
左侧经皮肾镜碎石取石	经皮肾镜碎石术（PCNL）##经皮肾镜取石术
神经导航下行左侧颞叶胶质瘤显微切除术。	颞叶病损切除术
皮瓣修整术	皮瓣修整术
右膝关节粘连松解术	膝关节松解术
开颅脑干肿瘤切除术	脑干病损切除术
右顶叶占位显微切除术	顶叶病损切除术
介入下胸主动脉血管腔内隔绝术	胸主动脉移植物的血管内植入术
微创经皮椎体成形术	经皮椎骨成形术
经闭孔无张力尿道中段悬吊术（TVT-O）	经阴道闭孔无张力尿道中段悬吊术(TVT-O)
支撑喉镜下喉部新生物切除术	支撑喉镜下喉病损切除术
左肩关节镜检查术	关节镜肩关节检查
右胫骨髓内针取出术	胫骨内固定装置去除术
胸腔镜下双侧交感神经切断术	胸腔镜下交感神经切断术
喉镜下喉病损切除术((30.0907))	支撑喉镜下喉病损切除术
右眼人工晶体植入术	置入人工晶状体
胸腔镜下双侧第4胸交感神经干并2、3、4侧支切断术	胸腔镜下交感神经切断术
全麻下行室间隔缺损介入封堵术	室间隔缺损闭式封堵术
主动脉-冠状动脉旁路移植术	主动脉冠状动脉旁路移植，为心脏血管再形成术
亲体肾移植术	肾异体移植术##与供者有血缘关系的活体移植
人工股骨头置换术DAA	人工股骨头置换术
腹腔镜下输尿管成形术	腹腔镜下输尿管成形术
大隐静脉高位结扎及部分静脉剔除术(单侧)右侧	大隐静脉高位结扎和剥脱术
下颌骨骨折术后钛板取除术	下颌骨内固定装置取出术
支撑喉镜下二氧化碳激光右侧声带新生物切除术	内镜下声带病损激光切除术
肋骨骨折内固定取出术	肋骨内固定装置去除术
微创经椎间孔下腰4/5椎间盘摘除术。	腰椎间盘切除术
经皮穿刺球囊扩张椎体成形术	经皮椎体球囊扩张成形术
(胸腔镜右侧下部)肺叶切除术	胸腔镜下肺叶切除术
右侧甲状腺全切+左侧甲状腺部分切除术	单侧甲状腺切除伴他叶部分切除术
输尿管镜检查术+尿道扩张术。	输尿管镜检查##尿道扩张
右环指断指再植术	手指断指再植术
右眼PHACO＋IOL植入术	置入人工晶状体##白内障晶状体乳化和抽吸
左输尿管镜检查术	输尿管镜检查
颅骨钛板植入术	颅骨钛板置入术
胸椎后路椎板切除减压术	椎板切除减压术
腰椎髓核摘除术	腰椎髓核切除术
颅骨钻孔脑室外引流术	脑室钻孔引流术
腺样体消融术	腺样增殖体切除术不伴扁桃体切除术
腹腔镜下右侧肾上腺嗜铬细胞瘤切除术	腹腔镜肾上腺病损切除术
支撑喉镜下下声带息肉摘除术	内镜下声带病损切除术
骶骨肿物穿刺活检术	椎骨活组织检查
经尿道钬激光膀胱结石碎石术	经尿道膀胱激光碎石术
右跟腱松解延长术	肌腱延长术
右肺大泡切除术	肺大泡切除术
椎管内占位切除术	脊髓或脊膜病损的切除术或破坏术
左甲状腺全切除、右甲状腺部分切除术	单侧甲状腺切除伴他叶部分切除术
髋关节脱位切开复位术	髋脱位开放性复位术
脊柱侧弯术后内固定取出术	脊柱内固定装置去除术
左眼外直肌一条眼外肌后徙术	一条眼外肌的后徙术
支撑喉镜显微镜下声带小结切除术	支撑喉镜下声带显微缝合术
左侧多囊肾去顶减压术	肾囊肿去顶术
肾盂切开取石术	肾盂切开取石术
左股骨干骨折切开复位，钢板螺钉内固定	股骨骨折切开复位内固定术
支撑喉镜下喉囊肿切除术	支撑喉镜下喉病损切除术
经尿道前列腺电凝止血术	经尿道前列腺电凝止血术
小肠造口闭合术	小肠造口闭合术
鼻内镜下双侧全组鼻窦开放术。	内镜下全组鼻窦开窗术
右手拇指多指切除整复术	上肢截断术
显微喉镜下双侧声带病损切除术	支撑喉镜下声带显微缝合术
左侧甲状腺腺叶切除+峡部切除术	单侧甲状腺切除伴甲状腺峡部切除术
左侧后腹腔镜下肾上腺肿瘤切除术	腹腔镜肾上腺病损切除术
双膝关节人工表面假体置换术	全部膝关节置换
支撑喉镜下左声带病损切除术	内镜下声带病损切除术
开颅颅内动脉瘤夹闭＋颅骨成型术	颅成形术##钳夹动脉瘤
右股骨髁上骨牵引术	股骨髁上牵引
(右侧)肾部分切除术+肾周围粘连松解	肾周围粘连松解术##部分肾切除术
前纵隔肿瘤切除术	纵隔病损切除术
腱鞘炎松解术	腱鞘松解术
胸腔镜下双侧胸交感神经切除术	胸腔镜下交感神经切断术
双扁桃体剥离术	扁桃体切除术不伴腺样增殖体切除术
尿道修补术	尿道成形术
食管球囊扩张术	食管扩张术
内镜辅助下右侧甲状腺腺叶切除术	单侧甲状腺叶切除术
腹主动脉瘤切除，Y型人工血管移植术	腹主动脉瘤切除伴置换术
膝前十字韧带重建术	膝关节前交叉韧带重建术
冠状动脉旁路移植术（op-CABG*4）	去除冠状动脉梗阻和支架置入
尿道切开取石术	尿道切开取石术
经皮肾镜取石术,I期	经皮肾镜取石术
尿道阴道瘘修补术	尿道阴道瘘修补术
L1压缩骨折PKP术	经皮椎体增强
后腹腔镜下右侧肾上腺肿瘤切除术。	腹腔镜肾上腺病损切除术
左侧输尿管支架置入术	输尿管导管插入术
胸腔镜第三胸交感经干并第二三交感神经旁路纤维切断术	胸腔镜下交感神经切断术
肾切除术（右）	单侧肾切除术
显微镜下面神经减压术	面神经减压术
左桡骨内固定取出术	桡骨内固定装置去除术
L1骨折椎体后凸成形术	经皮椎体增强
胸腔镜下右肺上叶尖后段切除术	胸腔镜肺叶节段切除术
胸壁肿瘤扩大切除术	胸壁病损切除术
非血管介入: 输尿管造瘘管更换术	输尿管造口导管置换术
诊断性刮宫(分段)	诊断性刮宫术
腹主动脉覆膜支架植入术	腹主动脉覆膜支架腔内隔绝术
右肾造瘘管更换术	肾造口导管置换
直达喉镜下声带息肉摘除术	内镜下声带病损切除术
腹腔镜左精索静脉高位结扎	腹腔镜精索静脉高位结扎术
输尿管镜检查术+经皮肾穿刺造瘘术	输尿管镜检查##肾造口术
上腔静脉滤器植入术	下腔静脉滤器置入术
(输尿管（或尿道）镜右侧)输尿管镜下取石术+输尿管镜下钬激光碎石术	经尿道输尿管/肾盂激光碎石取石术
右侧阴部神经注射术	周围神经注射
股动脉内膜剥脱术	股动脉内膜切除术
(右侧)腮腺肿瘤（肿块）切除术((26.2910))	腮腺病损切除术
胫骨骨折切开复位钢板内固定术+腓骨骨折切开复位钢板内固定术	胫骨骨折切开复位内固定术##腓骨骨折切开复位内固定术
胸腔闭式引流术（右侧）	胸腔闭式引流术
左跟距关节融合术	距下关节关节制动术
甲状腺囊肿切除术	甲状腺病损切除术
大脑开颅右侧额叶胶质瘤切除术	额叶病损切除术
右大腿离断术	大腿截断术
左侧小脑半球占位性病变切除术	小脑半球病损切除术
右侧甲状腺肿瘤切除术	甲状腺病损切除术
左髋关节切开复位＋左髋salter骨盆截骨术	髋脱位开放性复位术
左侧三叉神经半月神经节射频毁损术。	三叉神经半月节射频热凝术
腰骶神经炎电流导管射频消融术	颅和周围神经的破坏术
鼻内镜下鼻骨骨折整复术	鼻骨折闭合性复位术
右颞叶脑膜瘤切除术	脑膜病损切除术
大隐静脉(高位结扎+)剥脱术	大隐静脉高位结扎和剥脱术
DSA引导下左侧C2-3脊神经根后支切断术	脊髓后根神经切断术
脑室穿刺外引流术	脑池穿刺
胸腔镜下胸膜活组织检查	胸腔镜胸膜活组织检查
左膝关节镜探查术	关节镜膝关节检查
子宫下段剖宫产术子宫下段剖宫产术	低位子宫下段剖宫产
左侧经皮肾镜气压弹道碎石术	经皮肾镜气压弹道碎石术
双足内固定取出术	骨置入装置去除
右下位甲状旁腺腺瘤切除术	甲状旁腺病损切除术
左侧额颞部开颅颅内血肿清除术	颅内血肿清除术
右乙状窦后入路面神经微血管减压术	面神经微血管减压术
经尿道输尿管镜检查术（左）	输尿管镜检查
双侧喉良性肿物切除术	喉病损切除术
右下甲状旁腺瘤切除术	甲状旁腺病损切除术
左人工股骨头置换	人工股骨头置换术
右枕骨骨瘤切除术	颅骨病损的切除术
髌骨骨折切复聚髌器内固定	髌骨骨折切开复位内固定术
神经内镜辅助下经鼻蝶鞍区占位切除术	鞍区病损切除术
右耳鼓室成形术1型	鼓室成形术,I型
腹腔镜下肾上腺切除术（右）	腹腔镜单侧肾上腺切除术
左眼虹膜激光切除术	虹膜激光切除术
经顶脑病损切除术	经顶脑病损切除术
左胫骨取内固定术	胫骨内固定装置去除术
左髋关节松解术	髋关节松解术
全面部骨折切开复位坚强内固定术	面骨骨折切开复位内固定术
上腔静脉支架置放术	上腔静脉支架置入术
肾上腺病损切除术	肾上腺病损切除术
后颅窝硬膜外血肿清除术	颅后窝血肿清除术
尿道下裂修补术	尿道下裂修补术
右耳后扩张器植入术	耳后扩张器植入术
右额颞去骨瓣减压术	颅骨去骨瓣减压术
右髋臼周围截骨术后取内固定术	骨盆内固定装置去除术
宫腔镜检查+分段诊刮	宫腔镜诊断性刮宫术
巨大颅骨缺损修补术	颅成形术
心包穿刺置管术	心包穿刺术
巨脾切除术	全脾切除术
左尺骨鹰嘴骨折ORIF	尺骨骨折切开复位内固定术
右眼睫状体光凝术	睫状体光凝固法
甲状腺左叶次全、右叶全切除术	单侧甲状腺切除伴他叶部分切除术
经右股静脉行下腔静脉可回收滤器置入术	下腔静脉滤器置入术
右侧三叉神经感觉后根切断术	切断三叉神经
腹腔镜双侧疝囊高位结扎术	双侧腹股沟斜疝疝囊高位结扎术
(其他微创)皮下埋藏式静脉输液港置入术(PORT泵置入术)	静脉输液港植入术
腹腔镜肾上腺切除术（右）	腹腔镜单侧肾上腺切除术
左膝腘窝囊肿切除术	腘窝囊肿切除术
经尿道膀胱肿物电切取病理术	闭合性[经尿道]膀胱活组织检查
小脑蚓部髓母细胞瘤切除术	小脑蚓部病损切除术
右侧三叉神经半月神经节球囊压迫术	颅和周围神经的破坏术
左肾盂成形术，左肾盂切开取石术	肾盂切开取石术##肾盂成形术
左锁骨下动脉造影	锁骨下动脉造影
左侧额叶脑膜瘤切除术	脑膜病损切除术
腺样体切除术	腺样增殖体切除术不伴扁桃体切除术
左侧桡骨骨折切开复位钢板内固定术（大博）	桡骨骨折切开复位内固定术
周围神经麻醉止痛	周围神经阻滞术
左肾上腺巨大占位切除术	肾上腺病损切除术
左侧胸腔镜下纵隔肿瘤切除术	胸腔镜下纵隔病损切除术
右侧经皮室间隔缺损封堵术	室间隔缺损闭式封堵术
前臂动静脉瘘成型术	为肾透析，动静脉吻合术
右甲状腺腺叶+峡部切除术	单侧甲状腺切除伴甲状腺峡部切除术
主动脉窦修补术[Valsalva手术]	主动脉窦修补术
腔镜下右侧甲状腺部分切除术	腔镜下甲状腺部分切除术
右侧乙状窦后入路听神经鞘瘤切除术	经乙状窦后入路听神经瘤切除术
膝关节镜检术	关节镜膝关节检查
(胸腔镜)胸腔镜下纵隔肿瘤切除术	胸腔镜下纵隔病损切除术
桡骨小头切除术	桡骨部分切除术
皮肤和皮下组织活组织检查	皮肤和皮下组织的活组织检查
大脑开颅、左额叶肿瘤切除术	额叶病损切除术
左足多趾切除整形术	多趾截除术
左甲状腺全切＋右甲状腺次全切除术	单侧甲状腺切除伴他叶部分切除术
骨盆病损切除术	骨盆病损切除术
右侧人工耳蜗植入术（CI512）	人工耳蜗置入术
后入路腰椎间盘切除术+椎间植骨融合内固定术（枢法模）	腰椎椎体间融合术，后入路##腰椎间盘切除术
双侧交感神经链切断术	交感神经或神经节的切断术
电视喉镜下喉新生物摘除术	支撑喉镜下喉病损切除术
皮瓣转移术	带蒂皮瓣或皮瓣移植
单鼻孔入路垂体腺瘤切除术	经蝶骨垂体病损切除术
喉镜下右声带病损切除术	内镜下声带病损切除术
右侧脑室额角穿刺外引流术	脑池穿刺
支撑喉镜下右侧声带肿物切除术	内镜下声带病损切除术
(其他微创)导航下经皮穿刺椎体成形术(03.5305)	经皮椎骨成形术
经蝶入路脑脊液鼻漏修补术	脑脊液鼻漏修补术
第三脑室底造瘘术	第三脑室造口术
右侧额颞开颅后交通动脉瘤夹闭术	后交通动脉瘤夹闭术
右锁骨骨折术后内固定拆除术	锁骨内固定装置去除术
胸骨钢丝拔除术	胸骨内固定装置去除术
左人工股骨头置换术	人工股骨头置换术
开放性颅脑损伤清创缝合术	脑清创术
胸腔镜下经右胸纵膈肿瘤切除术	胸腔镜下纵隔病损切除术
右中下肺叶切除术	肺叶切除术
脊柱后路生长棒置入术	脊柱生长阀置入术
经改良扩大迷路径路左侧听神经瘤摘除+腹部取脂术	经迷路内听道听神经瘤切除术##自体脂肪移植术
心脏永久性起搏器植入术	首次或置换永久起搏器置入
尺骨切开复位内固定	尺骨骨折切开复位内固定术
床旁锥颅右侧脑室外钻孔引流术	脑室钻孔引流术
双侧股骨钢板取出术	股骨内固定装置去除术
右腮腺全切除术	腮腺切除术
右眼外路小梁切除术	外路小梁切除术
胸腔镜下左肺上叶局部切除术	胸腔镜下肺叶部分切除术
左甲状腺腺叶切除	单侧甲状腺叶切除术
经膀胱镜输尿管支架管取出术	膀胱镜输尿管支架取出术
右颞叶胶质瘤切除术	颞叶病损切除术
颈部正中肿物切除术	颈部软组织病损切除术
右侧输尿管镜检+右侧输尿管支架植入术	输尿管镜检查##输尿管导管插入术
腰椎椎体间融合术，后入路	腰椎椎体间融合术，后入路
左侧甲状旁腺囊肿切除术	甲状旁腺病损切除术
右侧大脑中动脉分叉部动脉瘤支架辅助介入栓塞术	经导管颅内动脉瘤支架辅助栓塞术
右锁骨骨折切开复位内固定术（欣荣）	锁骨骨折切开复位内固定术
颅骨缺损三维钛网修补术	颅骨钛网置入术
左侧听神经瘤显微切除术	听神经瘤切除术
经皮穿刺肺活检术	闭合性[经皮][针吸]肺活组织检查
支撑喉镜下喉肿物取活检术	闭合性[内镜]喉活组织检查
右乳肿瘤切除	乳房病损局部切除术
右肩关节镜下肩锋成形术+肩袖修补术+肱二头肌长头肌腱移位固定术	肌腱转移术##肩峰成形术##回旋肌环带修补术
腰椎间盘切除伴椎板切开术	腰椎间盘切除伴椎管减压术
暂时性气管切开术（颈前经皮微创）	暂时性气管造口术
顶部脑膜膨出修补术	脑膜膨出修补术
宫颈电热圈环切术	子宫颈环形电切术
正中开胸胸腺扩大切除术	胸腺扩大切除术
支撑喉镜下喉病损切除术	支撑喉镜下喉病损切除术
经尿道膀胱肿瘤电切术+前列腺穿刺活检术	经尿道膀胱病损切除术##闭合性[经皮][针吸]前列腺活组织检查
左颞顶开颅脑膜瘤切除术	脑膜病损切除术
骨盆活检术	骨盆活组织检查
双侧大隐静脉高位结扎及剥脱术	大隐静脉高位结扎和剥脱术
神经内镜下三脑室底造瘘术	神经内镜第三脑室造口术
尿道下裂术后尿瘘修补术	尿道瘘修补术
右手第5掌骨骨折术后内固定物取出术	掌骨内固定装置去除术
鼻内镜下增殖体等离子切除术(28.3)+耳内镜下双耳鼓膜穿刺术	鼓膜穿刺术##内镜下腺样体切除术
子宫下段横行剖宫产	剖宫产术，子宫下段横切口
右侧脑室Ommaya囊置入外引流术	脑室Ommaya泵置入术
显微喉镜下双侧声带息肉切除术	支撑喉镜下声带显微缝合术
胫骨活检术	胫骨活组织检查
右侧侧脑室-心房分流术	脑室心房分流术
腹腔镜下右输尿管切开取石术	腹腔镜下输尿管切开取石术
双侧脑室钻孔引流术	脑室钻孔引流术
颅骨骨瓣修补术	颅骨瓣形成
右手多指切除术+拇指对掌功能重建术	拇对掌肌功能重建术##上肢截断术
右侧甲状腺腺叶切除术+左侧甲状腺次全切除术	单侧甲状腺切除伴他叶部分切除术
IVUS+	胸内血管血管内超声(IVUS)
右甲状腺腺叶切除+峡部切除术	单侧甲状腺切除伴甲状腺峡部切除术
幕上开颅鞍区占位切除术	鞍区病损切除术
经蝶鞍区病变切除术	鞍区病损切除术
右侧腹股沟疝修补术	单侧腹股沟疝修补术
左股骨头坏死钻孔减压术	股骨减压术
右尺神经松解前移术	尺神经松解术##尺神经移位术
带蒂皮瓣移植术	带蒂皮瓣或皮瓣移植
双侧腕管切开正中神经松解术	正中神经松解术
左下颌骨肿物切取活检术	颌骨活组织检查术
大脑开颅左颞叶蛛网膜囊肿切除术	脑蛛网膜病损切除术
尺骨内固定物取出术	尺骨内固定装置去除术
胸腔镜下左下肺结节楔形切除术。	胸腔镜下肺病损切除术
大脑开颅左额叶占位性病变切除术	额叶病损切除术
左肺上叶肺部分切除术	肺叶部分切除术
前列腺癌根治性切除	根治性前列腺切除术
左侧舌咽神经微血管减压术	舌咽神经微血管减压术
三叉神经半月节热射频治疗	三叉神经半月节射频热凝术
胸腔镜下左下肺切除术	胸腔镜下肺叶切除术
舌下腺切除术	舌下腺切除术
皮肤和皮下组织切开引流术	皮肤和皮下组织切开术
颅骨钛网置入术	颅骨钛网置入术
支撑喉镜下、显微镜下、声带肿物切除术	支撑喉镜下声带显微缝合术
(胸腔镜右侧下部)肺楔形切除术((32.2905))	胸腔镜下肺楔形切除术
双侧乳房病损微创旋切术	乳房病损局部切除术
神经内镜下三脑室底造瘘术。	神经内镜第三脑室造口术
开颅顶叶肿瘤切除术	顶叶病损切除术
经胸骨正中切口胸腺瘤切除术	胸腺病损切除术
经皮肺动脉瓣球囊成形术	经导管肺动脉瓣球囊扩张成形术
关节镜下左膝ACL重建	关节镜膝关节前交叉韧带重建术
右下胫腓联合螺钉取出术	胫骨和腓骨置入装置去除
左侧胸骨后甲状腺肿切除术	胸骨后甲状腺病损切除术
暂时性气管切开术	暂时性气管造口术
左侧甲状腺切除术+峡部切除术	单侧甲状腺切除伴甲状腺峡部切除术
右侧经皮肾镜碎石+DJ管留置+右肾造瘘术	经皮肾镜碎石术（PCNL）##经皮肾镜输尿管支架置入术##肾造口术
了左侧额颞顶部颅骨钻孔引流术	颅骨钻孔引流术
经蝶窦脑病损切除术	经蝶窦脑病损切除术
了腹腔镜胆囊切除术	腹腔镜下胆囊切除术
胸腔镜下左肺大疱切除术	胸腔镜下肺大疱切除术
关节穿刺术	关节穿刺术
大脑开颅脑膜瘤切除术	脑膜病损切除术
降主动脉夹层人工血管内支架术	胸主动脉支架置入术
腰交感神经切除术	腰交感神经切除术
IABP植入术	主动脉球囊反搏置入术
腰椎后路经皮穿刺椎体后凸成形术	经皮椎体增强
左桡骨远端骨折切开复位内固定术（大博公司）	桡骨骨折切开复位内固定术
脊髓硬膜外病变切除术+脊髓和神经根粘连松解术+椎管扩大减压术+术中电生理监测	椎管结构探查术和减压术##手术中神经生理监测##脊髓神经根粘连松解术##硬脊膜外病损切除术
双跟腱经皮切断术	跟腱切断术
右侧右侧甲状腺叶伴峡部切除术	单侧甲状腺切除伴甲状腺峡部切除术
支撑喉镜下CO2激光左侧声带囊肿切除术	内镜下声带病损激光切除术
左侧甲状腺切除术+右侧甲状腺次全切除术	单侧甲状腺切除伴他叶部分切除术
介入下胸主动脉血管腔内修复术	胸主动脉移植物的血管内植入术
大脑前交通动脉瘤神经血管介入栓塞术	经导管颅内动脉瘤栓塞术
腱鞘切开减压术	腱鞘松解术
支撑喉镜CO2激光声带肿物切除术	内镜下声带病损激光切除术
VATS左肺大疱切除术	胸腔镜下肺大疱切除术
右肩胛骨肿瘤切除术	肩胛骨病损切除术
右额占位显微切除术	额叶病损切除术
右甲状腺切除术+左甲状腺部分切除术	单侧甲状腺切除伴他叶部分切除术
腹主动脉瘤支架植入术	腹主动脉支架置入术
右膝全膝置换术	全部膝关节置换
左侧听神经鞘瘤切除术	听神经瘤切除术
腰椎棘突间钢板植入术	椎骨内固定术
右侧下颌骨囊肿开窗术	颌骨囊肿开窗引流术
神经松解术	颅和周围神经粘连的松解术和减压术
右侧三叉神经后根切断术（射频）	切断三叉神经
右锁骨下深静脉插管术	锁骨下静脉穿刺中心静脉置管术
左心、右心导管及先天性心脏病封堵术	联合的右心和左心导管置入
神经导航及立体定向下脑深部电极植入术	脑深部电极置入术
经电子鼻咽喉镜行喉新生物活检术	闭合性[内镜]喉活组织检查
右侧跟腱延长术	肌腱延长术
选择性右肾动脉栓塞术	经导管肾血管栓塞术
右翼点入路右侧后交通动脉瘤夹闭术	后交通动脉瘤夹闭术
右眼翼状胬肉切除+结膜瓣转位术	翼状胬肉切除伴结膜移植术
等离子射频腺样体消融术	腺样体等离子切除术
腰椎骨折切开复位内固定	腰椎骨折切开复位内固定术
导航下左额脑膜瘤切除术	脑膜病损切除术
左面神经减压术	面神经减压术
经鼻内镜脑脊液漏修补术	内镜下脑脊液鼻漏修补术
DSA食管球囊扩张术	食管扩张术
经尿道膀胱肿瘤电气化术	经尿道膀胱病损切除术
脊柱内固定拆除术	脊柱内固定装置去除术
胰体尾脾切除术	胰体尾切除术##全脾切除术
单孔胸腔镜下右肺上叶尖后段切除术	胸腔镜肺叶节段切除术
经支撑喉镜下声带息肉切除术	内镜下声带病损切除术
经皮胸腔闭式引流术	胸腔闭式引流术
胸腺囊肿切除术	胸腺病损切除术
右膝关节穿刺术	关节穿刺术
双侧正中神经松解术	正中神经松解术
右正中神经松解术。	正中神经松解术
右额叶复发胶质瘤切除术	额叶病损切除术
腭咽成型术	腭咽成形术
腔镜下左甲状腺切除术	单侧甲状腺叶切除术
双侧大隐静脉高位结扎分段剥脱术	大隐静脉高位结扎和剥脱术
经皮睾丸活组织检查(双侧睾丸穿刺活检术)	闭合性[经皮][针吸]睾丸活组织检查
右额钻孔慢性硬膜下血肿外引流术	脑膜切开术
神经导航内镜下经鼻蝶鞍区病变切除术。	鞍区病损切除术
输尿管镜下拔左侧DJ管术	输尿管镜输尿管支架取出术
右上肢内固定取出术	骨置入装置去除
胸腔镜前纵隔肿瘤切除术	胸腔镜下纵隔病损切除术
尿道下裂I期矫形术。	尿道下裂修补术
腹腔镜左侧肾上腺嗜铬细胞瘤切除术（腹膜后入路）	腹腔镜肾上腺病损切除术
下颌骨病损切除术	下颌骨病损切除术
神经导航下侧脑室腹腔分流术	侧脑室腹腔内分流术
CT引导的肝肿瘤射频消融术	CT引导下肝病损射频消融术
胸椎体成形术（修补术）	经皮椎骨成形术
左侧甲状腺腺叶+右侧甲状腺近全切除术	单侧甲状腺切除伴他叶部分切除术
输尿管镜下导尿管置入术	留置导尿管的置入术
左侧尺神经前移术	尺神经移位术
脑脊液漏介入修补术	脑脊液漏修补术
左髌骨内固定取出术	髌骨内固定装置去除术
双侧正中神经探查、腕管松解术    Exploration of medial nerve and release of the bilateral carpal tunnel	腕管松解术##正中神经探查术
(其他微创双侧)显微镜下精索静脉结扎术	精索静脉高位结扎术
切开取内固定术	骨置入装置去除
右侧丘脑胶质瘤切除术	丘脑病损切除术
双膝人工关节表面置换术 （Biomet 假体）	全部膝关节置换
右乙状窦后入路听神经瘤切除术	经乙状窦后入路听神经瘤切除术
右下肢膝关节离断术	膝关节离断术
皮肤和皮下坏死组织切除清创术	皮肤伤口切除性清创术
后路单开门椎管减压术	椎管扩大成形术，单开门
右侧腕管综合征正中神经松解术	正中神经松解术
全部膝关节置换左膝关节置换术	全部膝关节置换
腰椎间盘造影术（L4/5）	椎间盘造影
大脑开颅去骨瓣减压术	颅骨去骨瓣减压术
左髋脱位术后内固定取出术	骨盆内固定装置去除术
胫骨骨折闭合复位术	胫骨骨折闭合性复位术
颅骨钻孔引流术	颅骨钻孔引流术
胸腔镜下漏斗胸微创矫治术	胸腔镜下漏斗胸矫正术
B 超引导下经皮肾穿刺活检术	肾穿刺活组织检查
左膝关节切开松解术	膝关节松解术
椎体成形术(L1)	经皮椎骨成形术
小儿甲状舌管囊肿切除术	甲状舌管病损切除术
右下颌骨囊肿开窗减压术	颌骨囊肿开窗引流术
(右侧)颅内硬膜下冲洗术(01.0903)	脑膜切开术
左眼小梁切除+虹膜周切+前房成形术。	前房成形术##外路小梁切除术##虹膜周边切除术
胸腔镜下右下肺占位楔形切除术	胸腔镜下肺病损切除术
腹腔镜检查术	腹腔镜检查
右侧支撑喉镜下声带肿物切除术	内镜下声带病损切除术
狭窄性腱鞘炎切开术	腱鞘松解术
右侧锁骨下动脉支架成形术	锁骨下动脉支架置入术
左侧跟腱修复术	肌腱修补术
鼻肠管置入术	(鼻-)肠管置入
去骨瓣减压术	颅骨去骨瓣减压术
尿道肉阜电切术	尿道病损切除术
直肠黏膜环切术（PPH）	痔上直肠黏膜环形切除吻合术（PPH术）
下颌骨内固定物取出术	下颌骨内固定装置取出术
双腕管切开减压术	腕管松解术
肺动静脉瘘栓塞术	动静脉瘘栓塞术
经支撑喉镜会厌囊肿激光切除术	内镜下会厌病损激光切除术
扁桃体剥离术	扁桃体切除术不伴腺样增殖体切除术
右肩胛骨肿瘤穿刺活检术	肩胛骨活组织检查
心包穿刺及置管术。	心包穿刺术
经皮肾镜碎石术（右）	经皮肾镜碎石术（PCNL）
胸腔镜辅助前纵隔肿瘤切除术	胸腔镜下纵隔病损切除术
左上肢桡动脉-头静脉端侧动静脉内瘘成形术	为肾透析，动静脉吻合术
腰后路切开复位内固定术	腰椎骨折切开复位内固定术
原位肝移植术	原位肝移植
右股骨颈骨折闭合复位内固定术（理贝尔）	股骨骨折闭合性复位术伴内固定
左甲状腺全切+峡部切除术	单侧甲状腺切除伴甲状腺峡部切除术
左侧面神经微血管减压术	面神经微血管减压术
右额钻孔立体定向穿刺活检术	颅、脑和脑膜诊断性操作
肛乳头切除术	肛乳头切除术
右甲状腺叶切除术	单侧甲状腺叶切除术
左额复发脑膜瘤切除术	脑膜病损切除术
左侧甲状腺病损切除术	甲状腺病损切除术
椎板间入路椎间孔镜辅助下左侧L5S1椎间盘髓核摘除术	内镜下腰椎髓核切除术
左下肢吸脂术	大腿吸脂术
右甲状腺腺叶切除	单侧甲状腺叶切除术
左乙状窦后入路面神经微血管减压术	面神经微血管减压术
显微支撑喉镜下左侧声带息肉切除术	支撑喉镜下声带显微缝合术
大隐静脉高位结扎+分段剥脱术（左）	大隐静脉高位结扎和剥脱术
脑室分流管探查术(腹腔端)	脑室分流管探查术
输尿管支架管拔除术	输尿管导管去除
经尿道膀胱肿瘤电切术	经尿道膀胱病损切除术
输尿管镜下双侧D-J管更换术	输尿管支架置换术
左膝滑膜切除术	膝关节滑膜切除术
周围神经旁注药术	周围神经注射
VATS双侧交感神经干切断术	胸腔镜下交感神经切断术
膀胱镜下膀胱病损切除术	经尿道膀胱病损切除术
永久性人工心脏起搏器更换术	首次或置换永久起搏器置入
右耳乳突根治术	根治性乳突切除术
支撑喉镜下C02激光声带肿物切除术	内镜下声带病损激光切除术
右侧三叉神经射频消融术	三叉神经射频消融术
皮肤肿物切除	皮肤病损切除术
胸腰椎内固定物取出术	脊柱内固定装置去除术
腰椎间盘切除术	腰椎间盘切除术
泪囊-鼻腔吻合术[DCR手术]	泪囊鼻腔吻合术[DCR]
腱鞘囊肿切除术	腱鞘囊肿切除术
脾切除	全脾切除术
经右胸纵隔肿瘤切除术	纵隔病损切除术
神经内窥镜辅助下经鼻蝶窦垂体腺瘤切除术	经蝶骨垂体病损切除术
左上肢头静脉—桡动脉端侧吻合内瘘成形术	为肾透析，动静脉吻合术
双侧睾丸切除术	双侧睾丸切除术
电视喉镜下喉肿物摘除术	支撑喉镜下喉病损切除术
单列神经刺激脉冲发生器置入术(左迷走神经刺激术)	周围神经刺激器置入术
右眼小梁切除术	外路小梁切除术
膝关节腔内注射治疗	关节治疗性物质注射
双侧下颌骨升支矢状劈开截骨术	下颌骨截骨成形术
支撑喉镜下声带病损切除术（双）	内镜下声带病损切除术
右侧精索鞘膜积液切除术	精索鞘膜积液切除术
VATS左上肺楔形切除	胸腔镜下肺楔形切除术
全髋关节置换术((81.5101))（施乐辉）	全髋关节置换
支撑喉镜下会厌囊肿CO2激光切除术	内镜下会厌病损激光切除术
子宫下段剖宫产术+双侧子宫动脉上行支结扎术	低位子宫下段剖宫产##子宫动脉结扎术
双膝内侧间室置换术	部分膝关节置换术
人工肩关节置换术	肩关节全部置换
右胫骨交锁髓内钉内固定术	胫骨内固定术
支撑喉镜下右声带息肉显微切除术	支撑喉镜下声带显微缝合术
后颅窝开颅左侧小脑脑膜瘤切除术	脑膜病损切除术
腹腔镜下左肾部分切除术+肠粘连松解术	肠粘连松解术##腹腔镜下肾部分切除术
锁骨内固定取出术	锁骨内固定装置去除术
双膝内固定取出术	骨置入装置去除
甲状腺肿物切除术	甲状腺病损切除术
神经内镜下鞍区肿物切除术	鞍区病损切除术
胫骨切开复位内固定	胫骨骨折切开复位内固定术
左侧陶瓷-陶瓷髋关节置换	全髋关节置换
全脊柱内镜下后入路腰椎间盘切除术	内镜下腰椎间盘切除术
右肾上腺嗜铬细胞瘤切除术	肾上腺病损切除术
颅骨钻孔减压术	颅骨钻孔减压术
左膝外侧半月板次全切除术	膝半月板部分切除术
骶神调节神经刺激电极拔除术	骶神经刺激电极取出术
椎间孔镜下腰4.5椎间盘摘除术	内镜下腰椎间盘切除术
第四脑室病损切除术	第四脑室病损切除术
经尿道前列腺切除术[TURP手术]	经尿道前列腺切除术（TURP）
包皮环切术((64.0001))	包皮环切术
冠状动脉移植术	去除冠状动脉梗阻和支架置入
支撑喉镜下喉肿物切除术。	支撑喉镜下喉病损切除术
左股骨粗隆间骨折人工股骨头置换术	人工股骨头置换术
输尿管-膀胱吻合术	输尿管膀胱吻合术
左肾PCNL术	经皮肾镜碎石术（PCNL）
腰椎神经根阻滞术	脊神经根阻滞术
支撑喉镜下显微镜下左侧声带肿物切除术	支撑喉镜下声带显微缝合术
右枕下乙状窦后入路听神经瘤切除术	经乙状窦后入路听神经瘤切除术
神经根阻滞	周围神经麻醉药注射，为了镇痛
CT引导经皮肾造瘘术	肾造口术
胸腔镜辅助右肺上叶楔形切除术	胸腔镜下肺楔形切除术
尿道镜下尿道狭窄电切术	经尿道尿道狭窄电切术
经腹LS左肾输尿管全长切除术	腹腔镜下单侧肾输尿管切除术
支撑喉镜下CO2激光双侧声带肿物切除术	内镜下声带病损激光切除术
立体定向微创侧脑室穿刺置管引流术	脑池穿刺
左侧慢性硬膜下血肿颅骨钻孔冲洗引流术	颅骨钻孔引流术
右侧胸腔置管引流术	胸腔闭式引流术
腹腔镜下全子宫切除术	腹腔镜经腹全子宫切除术
大脑开颅右侧额叶肿瘤切除术	额叶病损切除术
显微镜下经蝶入路鞍区肿物切除术	鞍区病损切除术
了腹腔镜胆囊切除术（术中使用超声刀）	腹腔镜下胆囊切除术
经鼻蝶窦垂体瘤显微切除术	经蝶骨垂体病损切除术
左腮腺肿物切除术+面神经解剖术+补片修补术	面神经解剖术##腮腺病损切除术##腮腺脱细胞异体真皮补片修补术
胸腔镜下双侧第三胸交感神经干切断术	胸腔镜下交感神经切断术
舌系带延长术	舌系带整形术
左额部占位切除术	额叶病损切除术
L1椎体压缩性骨折PVP	经皮椎骨成形术
左侧肾盂输尿管成形术	肾盂输尿管成形术
左拇指截指术	拇指截断术
悬吊式腹腔镜下子宫肌瘤剔除术	子宫肌瘤切除术
侧脑室腹腔分流术	侧脑室腹腔内分流术
显微喉镜下声带病损切除术	支撑喉镜下声带显微缝合术
经皮腹腔穿刺术	腹腔穿刺术
(其他微创)CT导航下胸椎经椎弓根穿刺活检术	椎骨活组织检查
膀胱镜下钬激光碎石术	经尿道膀胱激光碎石术
右甲状腺切除+左甲状腺部分切除术	单侧甲状腺切除伴他叶部分切除术
大脑半球深部肿瘤切除术	大脑病损切除术
导航下经皮穿刺椎体成形术	经皮椎骨成形术
左侧腕部正中神经松解术	正中神经松解术
胸腔镜双侧胸交感神经切断术	胸腔镜下交感神经切断术
下肢动脉支架植入术	周围（非冠状的）血管非药物洗脱支架置入
T12椎体成形术 (Vertebodyplasty of T12 vertebral body)	经皮椎骨成形术
右上位甲状旁腺腺瘤切除术	甲状旁腺病损切除术
右侧听神经病变切除术	听神经瘤切除术
腹腔镜下左肾盂成形	腹腔镜下肾盂成形术
TVT	经阴道无张力尿道悬吊术（TVT）
左侧甲状腺全切除术+右侧甲状腺全切除术	甲状腺全部切除术
经输尿管肾结石激光碎石术	经尿道输尿管/肾盂激光碎石术
左股骨截骨术	股骨缩短术##股骨内固定术
全膝置换术	全部膝关节置换
显微支撑喉镜声带息肉摘除术。	支撑喉镜下声带显微缝合术
支撑喉镜下左侧声带肿物摘除术	内镜下声带病损切除术
左锁骨骨折术后内固定物取出术	锁骨内固定装置去除术
全胃切除术	胃全部切除术
右三叉神经射频术	三叉神经射频消融术
脾动脉部分栓塞术。	经导管脾动脉栓塞术
经支撑喉镜行左侧声带息肉切除术	内镜下声带病损切除术
左侧面神经次全程减压术	面神经减压术
电视喉镜下声带小结摘除术	内镜下声带病损切除术
左肾切除术	单侧肾切除术
包皮环切术（传统）	包皮环切术
经鼻蝶窦脑脊液漏修补术	脑脊液漏修补术
左眼上睑阔筋膜悬吊术	眼阔筋膜悬吊术
腹腔镜下根治性右半泌尿系切除术	腹腔镜下单侧肾输尿管切除术
Onlay尿道成形术	尿道成形术
T12椎体内固定拆除术	脊柱内固定装置去除术
左甲状腺腺叶切除术，右甲状腺部分切除术	单侧甲状腺切除伴他叶部分切除术
双侧股骨头坏死髓芯减压术	股骨减压术
尿道重建术	尿道成形术
后腹腔镜左侧肾上腺切除术。	腹腔镜单侧肾上腺切除术
骨盆外固定架取出术	骨盆外固定装置去除术
腹腔镜辅助下右肾切除术	腹腔镜下单侧肾切除术
后腹腔镜右肾盂成型术	腹腔镜下肾盂成形术
经皮三叉神经半月神经节射频热凝术	三叉神经半月节射频热凝术
头皮再植术	头皮再植术
胸腔镜辅助右肺上叶切除	胸腔镜下肺叶切除术
左甲状腺腺叶＋峡部切除	单侧甲状腺切除伴甲状腺峡部切除术
右跟腱松解术	足部肌腱松解术
经输尿管镜左侧双J管取出术	输尿管镜输尿管支架取出术
腰椎后凸成形术	经皮椎体增强
左颞入路肿瘤切除术	脑病损切除术
右肾上腺病损切除术	肾上腺病损切除术
唇裂术后畸形整复术	唇成形术
左侧甲状腺及峡部切除术	单侧甲状腺切除伴甲状腺峡部切除术
经皮肾镜左肾结石碎石术	经皮肾镜碎石术（PCNL）
肱骨骨折切开复位术	肱骨骨折切开复位术
双乳区段切除	乳房病损局部切除术
鞍区肿瘤切除术	鞍区病损切除术
左眼眼眶病损切除术	眼眶病损切除术
左股骨双动头置换术	人工股骨头置换术
腭裂整复术	腭裂矫正术
右侧主要手术名称冠状动脉支架置入术	去除冠状动脉梗阻和支架置入
经腹子宫肌瘤切除术	子宫肌瘤切除术
右膝关节双间室置换术(旋转平台)	部分膝关节置换术
左输尿管狭窄球囊扩张术	输尿管扩张术
双侧支撑喉镜下声带病损切除术显微镜下	支撑喉镜下声带显微缝合术
背部肌肉病损切除术	肌肉病损切除术
硬脑膜下钻孔引流术	硬脑膜下钻孔引流术
经腹子宫下段剖宫产术+盆腔粘连松解术	低位子宫下段剖宫产##盆腔粘连松解术
左膝关节血肿清除术	膝关节血肿清除术
侧脑室腹腔分流术（右V-P分流术）	侧脑室腹腔内分流术
右胫骨术后内固定取出术	胫骨内固定装置去除术
右侧冠状动脉支架置入术	去除冠状动脉梗阻和支架置入
左桡骨远端骨折术后取内固定术	桡骨内固定装置去除术
髂骨穿刺活检术	骨盆活组织检查
(腹腔镜左侧)腹腔镜下肾上腺部分切除术	腹腔镜肾上腺部分切除术
鼻内镜下左侧脑脊液鼻漏修补术	内镜下脑脊液鼻漏修补术
左胸壁鳃裂囊肿切除术	胸壁病损切除术
左侧额颞顶慢性硬膜下血肿钻孔引流术	硬脑膜下钻孔引流术
大隐静脉高位结扎+大隐静脉点式剥脱术((38.5902.01+38.5903.01))	大隐静脉高位结扎和剥脱术
左声带息肉摘除术	声带病损切除术
VATS右肺大疱切除术	胸腔镜下肺大疱切除术
左额开颅脑膜瘤切除术	经额脑膜病损切除术
后腹腔镜下左侧肾上腺腺瘤切除术	腹腔镜肾上腺病损切除术
下腔静脉支架术	下腔静脉支架置入术
前纵隔占位切除术	纵隔病损切除术
右拇缩窄性腱鞘炎切开术	手部腱鞘松解术
左眼白内障摘除伴人工晶体一期置入术	眼内人工晶状体置入伴白内障摘出术，一期
右侧肺大疱切除术	肺大泡切除术
大隐静脉点式剥脱术+大隐静脉高位结扎	大隐静脉高位结扎和剥脱术
切开取内固定物术	骨置入装置去除
右甲腺叶切除术	单侧甲状腺叶切除术
骨活组织检查	骨活组织检查
支撑喉镜下双声带小结切除术	内镜下声带病损切除术
开放右肾肿瘤右肾部分切除术	部分肾切除术
右侧颞叶癫痫病灶切除术	颞叶病损切除术
右侧胸壁血管瘤切除术	胸壁病损切除术
输尿管镜下取异物术	经尿道输尿管/肾盂异物取出术
人工股骨头置换术（右）	人工股骨头置换术
左侧甲状腺全切除术+峡部切除术	单侧甲状腺切除伴甲状腺峡部切除术
右侧乳房切开引流术	乳房切开术
左侧甲状腺及峡部切除	单侧甲状腺切除伴甲状腺峡部切除术
阴茎矫直+部分尿道成形术	尿道成形术##阴茎矫直术
脊柱可调节装置置入术(生长棒)	脊柱生长阀置入术
右拇指多指截指术	上肢截断术
股骨内固定装置取出术	股骨内固定装置去除术
大脑开颅蝶骨嵴脑膜瘤切除术	脑膜病损切除术
左人工股骨头置换术（zimmer公司）	人工股骨头置换术
右下叶肺局部切除术	肺叶部分切除术
腰椎取内固定术	脊柱内固定装置去除术
胸椎管内肿物切除术	脊髓或脊膜病损的切除术或破坏术
颅骨骨折复位术	颅骨骨折复位术
尿道下裂修复术（MAGPI术式）	尿道下裂修补术
右三叉神经射频热凝术	颅和周围神经的破坏术
右眼硅油取出联合人工晶体II期植入术	玻璃体硅油取出术##眼内人工晶状体二期置入
左髋关节置换术左髋关节置换术	全髋关节置换
胸腔镜经右胸胸腺切除术	胸腺病损切除术
右下颌骨囊肿开窗取病理术	颌骨活组织检查术##颌骨囊肿开窗引流术
支撑喉镜显微镜下双侧声带白斑切除术	支撑喉镜下声带显微缝合术
(胸腔镜)胸腔镜下纵隔肿瘤切除术((34.3002))	胸腔镜下纵隔病损切除术
右甲状腺大部切除术	甲状腺大部切除术
肝动脉栓塞术	经导管肝动脉栓塞术
左侧股静脉置管	股静脉穿刺置管术
右侧耳后扩张器植入术	耳后扩张器植入术
双侧腕管综合征正中神经松解术	正中神经松解术
经右胸微创房间隔缺损封堵术	房间隔缺损闭式封堵术
右侧甲状腺全切+左侧甲状腺次全切除术	单侧甲状腺切除伴他叶部分切除术
开颅硬膜外血肿清除术	颅内血肿清除术
胸12椎体骨折内固定物取出术	脊柱内固定装置去除术
经皮腰椎间盘髓核切吸术	腰椎髓核切除术
[右额颞顶慢性硬膜下血肿钻孔对冲引流术]	硬脑膜下钻孔引流术
腹腔镜下右肾上腺切除术	腹腔镜单侧肾上腺切除术
左垂直半喉切除术	半喉切除术
左侧后颅窝硬膜外血肿清除术，有创颅内压监测置入术	颅内压监测##颅后窝血肿清除术
右顶脑膜瘤切除术	脑膜病损切除术
胸腔镜下经右胸前纵隔囊肿切除术	胸腔镜下纵隔病损切除术
重睑术	重睑术
支撑喉镜下声带粘连松解术	内镜下声带粘连松解术
支撑喉镜下双侧喉良性肿物切除术	支撑喉镜下喉病损切除术
VATS左肺上叶、下叶楔形切除术	胸腔镜下肺楔形切除术
腹腔镜根治性全膀胱切除+原位回肠新膀胱术	腹腔镜下膀胱根治切除术##小肠段分离术##可控回肠膀胱术
左侧甲状腺腺叶＋峡部切除术	单侧甲状腺切除伴甲状腺峡部切除术
支撑喉镜下左侧声带新生物切除术	内镜下声带病损切除术
支撑喉镜下CO2激光右侧声带囊肿切除术	内镜下声带病损激光切除术
双声带息肉摘除术	声带病损切除术
双大隐静脉高位结扎剥脱术	大隐静脉高位结扎和剥脱术
左肾根治性切除术（&gt;7cm）	单侧肾切除术
椎体后凸成形术	经皮椎体增强
近端胃大部切除术	胃部分切除术
膝关节部分置换术	部分膝关节置换术
内镜辅助下腮腺浅叶切除+面神经解剖术	面神经解剖术##腮腺叶切除术
左侧C3、C4背根神经节双极脉冲射频术	颅和周围神经的破坏术
左心、右心导管检查术	联合的右心和左心导管置入
部分宫颈切除术	子宫颈部分切除术
右心导管测压	右心导管置入
双侧喉镜下声带病损切除术	内镜下声带病损切除术
左髌骨内固定拆除术	髌骨内固定装置去除术
右甲状旁腺肿物切除术	甲状旁腺病损切除术
双侧腕管正中神经松解术	正中神经松解术
经尿道膀胱结石碎石取石术	经尿道膀胱清除术
左腕内固定取出术	腕骨和掌骨置入装置去除
右胫骨结节牵引术	胫骨结节牵引
面骨多发骨折术后内固定物取出术	去除面骨内固定装置
玻璃体腔药物注射术	玻璃体药物注射术
后腹腔镜下右肾上腺囊肿去顶减压术	肾上腺切开术
左侧输卵管切除术	单侧输卵管全部切除术
右侧胸锁乳突肌切断术	胸锁乳突肌切断术
左侧脑室钻孔引流术(储液囊安置术)	脑室钻孔引流术
(右侧)喉镜下声带息肉摘除术	内镜下声带病损切除术
L1椎体内固定拆除术	脊柱内固定装置去除术
腹腔镜左侧肾上腺切除术	腹腔镜单侧肾上腺切除术
左眼下泪小管吻合术	泪小管吻合术
食管静脉曲张套扎术	食管静脉曲张结扎术
左锁骨骨折内固定取出术	锁骨内固定装置去除术
（左侧）乳房部分切除术+（左侧）皮瓣转移术	乳腺部分切除术##带蒂皮瓣或皮瓣移植
显微支撑喉镜下右侧声带新生物切除术	支撑喉镜下声带显微缝合术
颈部肿块局部切除术	颈部软组织病损切除术
左侧支撑喉镜下声带息肉切除术	内镜下声带病损切除术
后腹腔镜肾上腺肿物切除术	腹腔镜肾上腺病损切除术
左侧三叉神经半月神经节球囊压迫撕脱术	颅和周围神经的破坏术
右大腿膝上截肢术	膝上截断术
左侧甲状腺全切、右侧甲状腺次全切除术	单侧甲状腺切除伴他叶部分切除术
胸腔镜下胸交感神经切断术	胸腔镜下交感神经切断术
(右侧)乳房癌改良根治术（MEDDEN）	单侧乳腺改良根治术
右顶钻孔慢性硬膜下血肿冲洗引流术	脑膜切开术
右手示指残端修整术	截断残端的修复术
右眼前房冲洗术	前房冲洗术
胸腔镜辅助右肺大疱切除术	胸腔镜下肺大疱切除术
前颅窝底脑膜瘤切除术	脑膜病损切除术
胸腔镜左上肺占位楔形切除术	胸腔镜下肺病损切除术
左侧输尿管软镜检查碎石+左输尿管内双J管更换术	经尿道输尿管和肾盂梗阻去除##输尿管支架置换术
内镜胃黏膜下剥离术（ESD）	内镜下胃黏膜下剥离术[ESD]
输尿管镜下取异物术((56.0004))	经尿道输尿管/肾盂异物取出术
胸腔镜右肺上叶楔形切除	胸腔镜下肺楔形切除术
C8D8阻生牙拔除术	阻生牙拔除术
支撑喉镜右侧声带新生物摘除术	内镜下声带病损切除术
右胸壁肿块切除术	胸壁病损切除术
左肾实质切开取石术	肾切开取石术
单侧乳房根治性切除术	单侧根治性乳房切除术
左甲状腺大部切除术	甲状腺大部切除术
纤维喉镜下声带息肉摘除术	内镜下声带病损切除术
左顶部脑膜瘤切除术	脑膜病损切除术
立体定向微创颅内血肿穿刺引流术	颅内穿刺引流术
腮腺肿瘤切除术	腮腺病损切除术
桡骨病损切除术	桡骨病损切除术
右额叶巨大胶质瘤切除术	额叶病损切除术
双侧脑深部电极植入术	脑深部电极置入术##颅神经刺激脉冲发生器植入
真空辅助  乳肿物旋切术	乳房病损局部切除术
全麻显微镜下右耳人工耳蜗置入术	人工耳蜗置入术
经皮穿刺椎体成形术（凯立泰PVP系统+瑞邦人工骨）	经皮椎骨成形术
左眼小梁切除伴丝裂霉素注入术	小梁切除术伴丝裂霉素注入
右眼巩膜外垫压术	巩膜外加压术
正中神经松解术	正中神经松解术
胸腔镜辅助下右下肺叶楔形切除术	胸腔镜下肺楔形切除术
眶上神经射频热凝术	颅和周围神经的破坏术
输尿管软镜激光碎石术	经尿道输尿管/肾盂激光碎石术
胫骨结节牵引术	胫骨结节牵引
左侧额角脑室外引流术	脑室颅外分流术
胸腔镜第三胸交感经干并第三交感神经旁路纤维切断术	胸腔镜下交感神经切断术
左侧尺神经松解术。	尺神经松解术
左腕管正中神经松解术	正中神经松解术
左颈总动脉-左锁骨下动脉人工血管旁路术	颈动脉-锁骨下动脉搭桥术
右侧面神经微血管减压术	面神经微血管减压术
左侧支气管动脉栓塞术	经导管支气管动脉栓塞术
左侧尺骨骨折切开复位钢板内固定术(尺骨鹰嘴)	尺骨骨折切开复位内固定术
颅骨骨折整复术	颅骨骨折复位术
经皮穿刺椎体成形术（凯立泰PVP系统）	经皮椎骨成形术
侧脑室-心房分流术	脑室心房分流术
髌骨钢针内固定术	髌骨内固定装置去除术
右股骨下段肿瘤活检术	股骨活组织检查
左侧睾丸扭转复位术	睾丸扭转复位术
股静脉置管	股静脉穿刺置管术
腰椎骨折术后取内固定术	脊柱内固定装置去除术
右输尿管结石钬激光碎石术	经尿道输尿管/肾盂激光碎石术
已行手术胸腔镜下左侧肺大泡切除术	胸腔镜下肺大疱切除术
胸腔镜下胸交感神经部分切除术	胸腔镜下胸交感神经部分切除术
主动脉内球囊反搏术	主动脉球囊反搏置入术
左乳保乳根治术	单侧保乳乳腺改良根治术
左侧三叉神经鞘瘤切除术	三叉神经病损切除术
鞍区占位显微切除术	鞍区病损切除术
胸腔镜下右肺中叶部分切除术	胸腔镜下肺叶部分切除术
脑膜切开伴硬脑膜下腔血肿清除术(左额钻孔硬膜下血肿外)	脑膜切开伴硬脑膜下腔血肿清除术
前交通动脉瘤介入栓塞术动脉瘤介入栓塞术	经导管颅内动脉瘤栓塞术
右侧三叉神经半月神经节射频毁损术。	颅和周围神经的破坏术
为肾透析的静脉插管术	静脉导管插入术，为肾透析
左侧腰交感神经阻滞术	麻醉药交感神经注射，为了镇痛
脑室腹腔分流管调管术	脑室腹腔分流管调整术
右第5掌骨内固定物取出术	掌骨内固定装置去除术
右侧桡动脉-头静脉端侧吻合术	为肾透析，动静脉吻合术
包皮环切术	包皮环切术
会阴裂伤修补术	会阴裂伤缝合术
(膀胱镜)经尿道膀胱病损电切术+膀胱灌注(57.4901+96.4901)	经尿道膀胱病损切除术##膀胱灌注
脑深部电刺激术	脑深部电极置入术##颅神经刺激脉冲发生器植入
右侧声带息肉切除术	声带病损切除术
清宫术	子宫扩张和刮宫术
左锁骨切复内固定术	锁骨骨折切开复位内固定术
大脑病损切除术	大脑病损切除术
腰椎后路内固定取出术	脊柱内固定装置去除术
胸腔镜下漏斗胸NUSS手术	胸腔镜下漏斗胸矫正术
腮腺肿物及部分腺体切除术	腮腺部分切除术##腮腺病损切除术
开颅去骨瓣减压术	颅骨去骨瓣减压术
左胫骨平台骨折切开复位植骨内固定术	胫骨植骨术##胫骨骨折切开复位内固定术
B超引导下前列腺穿刺	闭合性[经皮][针吸]前列腺活组织检查
左侧甲状腺全切术	单侧甲状腺叶切除术
左颞叶胶质瘤切除术	颞叶病损切除术
双侧乳房植入物取出术	去除乳房植入物
右侧甲状腺肿块切除术	甲状腺病损切除术
腹主动脉覆膜支架腔内修复术	腹主动脉覆膜支架腔内隔绝术
锁骨下静脉穿刺中心静脉置管术	锁骨下静脉穿刺中心静脉置管术
椎管内占位性病变切除术	脊髓或脊膜病损的切除术或破坏术
右上肺叶楔形切除术	肺楔形切除术
尿道下裂修复术（MAGPI）	尿道下裂修补术
支撑喉镜下双侧声带息肉摘除术	内镜下声带病损切除术
左甲状旁腺囊肿切除术	甲状旁腺病损切除术
胸乳入路腔镜下双侧甲状腺全切除术	甲状腺全部切除术
复发性甲状舌管囊肿切除术	甲状舌管病损切除术
前囟颅骨板障内肿块切除术	颅骨病损的切除术
支撑喉镜下声带息肉激光切除术	内镜下声带病损激光切除术
双侧胸交感神经切除术(胸腔镜下)	胸交感神经切除术
膀胱切开取石	膀胱切开取石术
双侧声带病损切除术	声带病损切除术
左侧经皮心脏射频消融术	经导管心脏射频消融术
右叶甲状腺及峡部切除术	单侧甲状腺切除伴甲状腺峡部切除术
大脑开颅左侧额叶脑膜瘤切除术	脑膜病损切除术
左下肢静脉畸形血管瘤根治术（MTX栓塞硬化注射治疗）	静脉注射硬化药
经尿道左输尿管口囊肿电切术	输尿管口囊肿切除术
右足踇趾截趾术	趾截断术
支撑喉镜下行左声带息肉切除术	内镜下声带病损切除术
内镜下支撑喉镜下左侧声带息肉切除术	内镜下声带病损切除术
超声引导下血细胞分离采集PRP双膝关节灌注术	关节治疗性物质注射
左侧大脑中动脉动脉瘤栓塞术	经导管颅内动脉瘤栓塞术
内镜辅助下支撑喉镜下双侧声带息肉切除术	内镜下声带病损切除术
左侧甲状腺全切除术+右侧甲状腺部分切除术	单侧甲状腺切除伴他叶部分切除术
左拇指再植术	拇指断指再植术
左侧上颌窦根治术	根治性上颌窦切开术
多指切除矫形术	上肢截断术
经右股静脉下腔静脉临时滤器取出术	下腔静脉滤器取出术
颈椎后路单开门椎管减压术(内固定术)	椎管扩大成形术，单开门
右股静脉穿刺置管术	股静脉穿刺置管术
经T管窦道胆道镜探查术	经T管胆道镜检查
右侧髂窝同种异体肾移植术	肾异体移植术
输尿管镜检查、输尿管镜下左侧输尿管结石取石术及输尿管内支架管置入术	经尿道输尿管支架置入术##经尿道输尿管和肾盂梗阻去除##输尿管镜检查
经尿道保留部分尿道前壁前列腺剜除电切术	经尿道前列腺切除术（TURP）
左大隐静脉高位结扎、分段剥脱术	大隐静脉高位结扎和剥脱术
脑膜膨出切除修补术	脑膜膨出修补术
C臂机引导下经皮穿刺椎体成形术（中央医疗PVP系统+瑞邦人工骨）	经皮椎骨成形术
经鼻中隔蝶窦垂体瘤切除术	经蝶骨垂体病损切除术
左桡骨远端骨折切开复位内固定术	桡骨骨折切开复位内固定术
后颅窝开颅听神经瘤切除术	听神经瘤切除术
胸腔镜下双侧T3胸交感神经切断术	胸腔镜下交感神经切断术
[神经内镜下经鼻蝶入路垂体腺瘤切除术]	经蝶骨垂体病损切除术
阴茎延长整形术。	阴茎延长术
腰椎椎体成形术	经皮椎骨成形术
腹壁切口裂开缝合术	腹壁切口裂开缝合术
左股骨远端占位活检术	股骨活组织检查
ＬＣ	腹腔镜下胆囊切除术
双眼外直肌徙后术	两条或两条以上眼外肌的后徙术
扁桃体切除术	扁桃体切除术不伴腺样增殖体切除术
右侧颅骨病损切除术	颅骨病损的切除术
舌系带矫正术	舌系带整形术
左前胸壁鳃裂囊肿切除术	胸壁病损切除术
L4/5腰椎斜前路椎体间融合术	2-3个椎骨融合或再融合##腰椎椎体间融合术，前入路
输尿管支架管取除术	去除输尿管造口导管和输尿管导管
右侧甲状腺全切除术＋左侧甲状腺次全切除术	单侧甲状腺切除伴他叶部分切除术
支撑喉镜下右声带肿物活检术	内镜下声带活组织检查术
左颞叶占位病变切除术	颞叶病损切除术
左侧睾丸扭转复位术+双侧睾丸固定术	睾丸扭转复位术##睾丸固定术
左侧胸壁瘘管切除术	胸壁病损切除术
前交通动脉瘤支架辅助介入栓塞术	经导管颅内动脉瘤支架辅助栓塞术
神经导航下右额叶占位切除术	额叶病损切除术
(其他微创)肝动脉造影	肝动脉造影
右手多指切除术	上肢截断术
右侧额外侧入路鞍结节脑膜瘤显微切除术	脑膜病损切除术
双输尿管插管术	输尿管导管插入术
桡动脉－头静脉内瘘吻合术	为肾透析，动静脉吻合术
选择性脊神经后根离断术	脊髓后根神经切断术
(胸腔镜左侧上部)肺楔形切除	胸腔镜下肺楔形切除术
骨盆肿瘤穿刺活检术	骨盆活组织检查
胸腔镜纵隔占位切除术	胸腔镜下纵隔病损切除术
经皮腰1椎体成形术	经皮椎骨成形术
双侧腕管切开减压+正中神经松解	腕管松解术##正中神经松解术
右髋关节穿刺术	关节穿刺术
胃溃疡穿孔修补术	胃溃疡修补术
脑室镜导航下辅助脑室-腹腔分流术	侧脑室腹腔内分流术
开颅右侧硬膜外血肿清除术	颅内血肿清除术
经尿道前列腺激光术	经尿道(超声)激光诱导前列腺切除术(TULIP)
腹腔镜右侧肾上腺腺瘤切除术	腹腔镜肾上腺病损切除术
宫腔镜检查+诊刮术	宫腔镜诊断性刮宫术
支撑喉镜声带新生物摘除术	内镜下声带病损切除术
左侧脑室占位切除术	侧脑室病损切除术
左锁骨下动脉球囊扩张+支架置入术	锁骨下动脉球囊血管成形术##锁骨下动脉支架置入术
全麻显微支撑喉镜下右声带新生物切除术	支撑喉镜下声带显微缝合术
经腹左肾癌根治	单侧肾切除术
直肠癌根治术（Miles术）	腹会阴直肠切除术
左单侧甲状腺切除术	单侧甲状腺叶切除术
右侧面隐窝入路面神经次全程减压术	面神经减压术
超声引导下椎旁神经阻滞	周围神经麻醉药注射，为了镇痛
右肩胛骨骨折切开复位内固定	肩胛骨骨折切开复位内固定术
后腹腔镜下左肾盂成形术	腹腔镜下肾盂成形术
经尿道前列腺电切术(微创)	经尿道前列腺切除术（TURP）
右侧胸壁脓肿切开引流术	胸壁切开引流术
VATS食管囊肿切除术	胸腔镜食管病损切除术
左侧髂动脉支架成形术	髂动脉支架置入术
左侧颈动脉内膜剥脱术	颈动脉内膜切除术
右乳前哨淋巴结活检术	前哨淋巴结活组织检查
经翼点脑病损切除术	经翼点脑病损切除术
多趾切除术	多趾截除术
腹腔镜下肾上腺切除术	腹腔镜单侧肾上腺切除术
输尿管镜检查术	输尿管镜检查
右侧股骨病损切除术	股骨病损切除术
经蝶窦鞍区占位切除术	鞍区病损切除术
1、左股骨粗隆骨折ORIF2、股骨头钻孔减压	股骨骨折切开复位内固定术##股骨减压术
左肾癌根治	单侧肾切除术
声带新生物切除术	声带病损切除术
左侧颅骨骨折复位术	颅骨骨折复位术
左肱骨近端经皮有限切开复位内固定术	肱骨骨折切开复位内固定术
基底动脉瘤栓塞术	经导管颅内动脉瘤栓塞术
脊髓脊膜膨出修补术	脊髓脊膜膨出修补术
左眼玻璃体腔注药术（雷珠单抗）	玻璃体药物注射术
左侧颅骨钻孔减压术	颅骨钻孔减压术
椎间孔镜下神经根减压松解术	颅和周围神经粘连的松解术和减压术
后腹腔镜下肾上腺腺瘤切除术	腹腔镜肾上腺病损切除术
前交通动脉动脉瘤夹闭术	前交通动脉瘤夹闭术
关节镜下左腘窝囊肿切除术	腘窝囊肿切除术
甲状腺右叶全切除、左叶部分切除术	单侧甲状腺切除伴他叶部分切除术
皮肤病损根治性切除术	皮肤病损根治性切除术
膀胱镜下左侧输尿管插管术	输尿管导管插入术
左侧三叉神经射频术	颅和周围神经的破坏术
腹腔镜下肾上腺部分切除术	腹腔镜肾上腺部分切除术
支撑喉镜下声带肿物摘除术	内镜下声带病损切除术
右侧甲状腺全切	单侧甲状腺叶切除术
支撑喉镜右声带息肉CO2激光显微切除术	内镜下声带病损激光切除术
左髌骨骨折ORIF	髌骨骨折切开复位内固定术
降主动脉置换术	胸部血管部分切除术伴置换术
右肱骨髁上截骨矫形术	肱骨缩短手术
右大腿高位截肢术	大腿截断术
左侧翼点开颅脑膜瘤切除术	脑膜病损切除术
左股骨内固定物取出术	股骨内固定装置去除术
右第五掌骨骨折ORIF	掌骨骨折切开复位内固定术
大脑开颅镰旁脑膜瘤切除术	脑膜病损切除术
支撑喉镜下右侧声带切除术	内镜下声带切除术
左胫骨肿瘤切取活检术	胫骨活组织检查
左颞胶质瘤切除术	颞叶病损切除术
右股骨占位活检术	股骨活组织检查
腔镜下右侧甲状腺包块切除术。	腔镜下甲状腺病损切除术
右髋切开复位术	髋脱位开放性复位术
颅内压监测术	颅内压监测
藏毛窦切除	藏毛窦切除术
大隐静脉高位结扎+点式剥脱	大隐静脉高位结扎和剥脱术
C壁引导输尿管镜下右侧D-J管置入术	经尿道输尿管支架置入术
左侧甲状腺全切除＋右侧甲状腺次全切除术	单侧甲状腺切除伴他叶部分切除术
玻璃体腔药物注射术OD	玻璃体药物注射术
支撑喉镜下行左侧声带息肉切除术	内镜下声带病损切除术
股骨活检术	股骨活组织检查
B超引导下经直肠前列腺穿刺活检术+插入导尿管	经直肠前列腺穿剌活组织检查##留置导尿管的置入术
颈动静脉瘘栓塞术	动静脉瘘栓塞术
腹腔镜下左卵巢囊肿核除术	腹腔镜卵巢病损切除术
右肘部尺神经松解前置术	尺神经松解术##尺神经移位术
右下叶肺切除术	肺叶切除术
经尿道前列腺剜除术	经尿道前列腺切除术
左顶骨骨瘤切除术	颅骨病损的切除术
左踇趾截趾术	趾截断术
尿道外口整形术	尿道口成形术
经尿道膀胱病损电切术(膀胱肿瘤电切术)	经尿道膀胱病损切除术
右拇指近节指骨颈水平不完全离断再植术	拇指断指再植术
(腹腔镜右侧)腹腔镜下肾上腺病损切除(07.2102)	腹腔镜肾上腺病损切除术
右侧甲状腺腺瘤摘除术	甲状腺病损切除术
桡骨内固定物取出术	桡骨内固定装置去除术
(输尿管（或尿道）镜左侧)输尿管镜下取石术+(输尿管（或尿道）镜左侧)输尿管镜下钬激光碎石术+(输尿管（或尿道）镜左侧)输尿管镜检查术+(输尿管（或尿道）镜左侧)输尿管扩张术((56.0001+56.0006+56.3101+59.8001))	经尿道输尿管/肾盂激光碎石取石术##输尿管镜检查##输尿管扩张术
经皮冠状动脉支架置入术	去除冠状动脉梗阻和支架置入
鼻内镜下鼻窦开放术。	鼻窦切开术
股骨转子间骨折切开复位内固定	股骨骨折切开复位内固定术
VATS下胸腺瘤切除术	胸腺病损切除术
顺产接生术，会阴裂伤缝合术	会阴裂伤缝合术
侧脑室-腹腔分流管探查术	脑室分流管探查术
乳突根治术	根治性乳突切除术
胸腔镜下纵膈占位切除术	胸腔镜下纵隔病损切除术
右侧输尿管支架置换术	输尿管支架置换术
经支撑喉镜行双侧声带息肉切除术	内镜下声带病损切除术
支撑喉镜显微镜下双侧声带肿物切除术	支撑喉镜下声带显微缝合术
神经内镜下脑脊液鼻漏修补术	内镜下脑脊液鼻漏修补术
左侧甲状腺包块切除术。	甲状腺病损切除术
双侧输尿管DJ管更换术	输尿管支架置换术
右胫骨髓内钉拆除术	胫骨内固定装置去除术
胸腔镜右上肺叶切除术	胸腔镜下肺叶切除术
电视喉镜喉新生物摘除术	支撑喉镜下喉病损切除术
左甲状腺部分+右甲状腺腺叶切除术	单侧甲状腺切除伴他叶部分切除术
右肩关节脱位手法整复术	肩脱位闭合性复位术
超声引导下麦默通右乳腺肿物微创旋切术	乳房病损局部切除术
宫颈LEEP术	子宫颈环形电切术
(膀胱镜)膀胱镜下钬激光碎石术((57.0009))	经尿道膀胱激光碎石术
肱骨骨折内固定取出术	肱骨内固定装置去除术
CT引导下肺穿刺	肺穿刺
正中切口，胸腺瘤扩大切除术	胸腺病损切除术
椎间盘造影术	椎间盘造影
右侧颞叶占位切除术	颞叶病损切除术
肩关节镜下肩锁关节脱位复位内固定术	肩锁关节脱位切开复位内固定术
左侧乙状窦后入路三叉神经微血管减压术	三叉神经微血管减压术
左侧翼点开颅后交通动脉瘤夹闭术	后交通动脉瘤夹闭术
支持喉镜下声带肿物切除术	内镜下声带病损切除术
左肺上叶楔形切除术	肺楔形切除术
椎体成形术（冠龙）	经皮椎骨成形术
DSA下肺部包块穿刺活检术	闭合性[经皮][针吸]肺活组织检查
右肱骨近端肿瘤切除术	肱骨病损切除术
主动脉-多支冠状动脉搭桥术（5支）	四根或以上冠状动脉的(主动脉)冠状动脉旁路移植
左甲状腺腺叶切除+右甲状腺部分切除术	单侧甲状腺切除伴他叶部分切除术
右侧全膝关节表面置换术（强生）	全部膝关节置换
支撑喉镜左声带息肉切除术	内镜下声带病损切除术
右中上肺叶切除术	肺叶切除术
大隐静脉点式剥脱术((38.5903.01))	大隐静脉曲张剥脱术
左颞骨窗开颅脑内血肿清除术	脑血肿切开引流术
喉镜下声带粘连松解术	内镜下声带粘连松解术
神经内镜下经鼻鞍区占位切除术	鞍区病损切除术
腹腔镜下肾癌根治术（右侧）	腹腔镜下单侧肾切除术
鞍区占位切除术	鞍区病损切除术
右侧臂丛神经松解术	臂丛神经松解术
右人工全髋关节置换术（生物型）	全髋关节置换
(输尿管（或尿道）镜)输尿管镜下取异物术	经尿道输尿管/肾盂异物取出术
经尿道输尿管镜激光碎石取石术(肾盂输尿管)	经尿道输尿管/肾盂激光碎石术
右髌骨骨折切开复位内固定术（捷迈）	髌骨内固定装置去除术
左股骨内固定拆除术	股骨内固定装置去除术
左侧甲状腺肿物切除	甲状腺病损切除术
左前臂中段截肢术	经前臂截断术
左胫骨平台骨折切开复位内固定术	胫骨骨折切开复位内固定术
人工股骨头置换术	人工股骨头置换术
胸腔镜下双侧胸交感神经链切断术	胸腔镜下交感神经切断术
电子支气管镜检查术	电子支气管镜检查
膝关节游离体取出术	膝关节游离体取出术
腮腺病损切除术	腮腺病损切除术
右后腹腔镜下肾上腺肿瘤切除术	腹腔镜肾上腺病损切除术
左前臂为肾透析的动静脉造瘘术	为肾透析，动静脉吻合术
胸腔镜纵膈囊肿切除术	胸腔镜下纵隔病损切除术
尿道狭窄球囊扩张术	尿道扩张
右踇趾截趾术	趾截断术
左肺下叶楔形切除术	肺楔形切除术
显微支撑喉镜下声带囊肿切除术	支撑喉镜下声带显微缝合术
DSA引导下左侧L5-S1侧隐窝神经阻滞术	周围神经麻醉药注射，为了镇痛
双侧侧脑室外引流术	脑室颅外分流术
有创颅内压监测置入术	颅内压监测
右眼玻璃体腔硅油取出术	玻璃体硅油取出术
(胸腔镜左侧下部)肺叶切除术	胸腔镜下肺叶切除术
经左胸微创室间隔缺损封堵术	室间隔缺损闭式封堵术
右手掌腱膜挛缩松解术	掌腱膜挛缩松解术
支撑喉镜下右侧声带新生物切除术	内镜下声带病损切除术
腹腔镜下盆腔淋巴结清扫术	腹腔镜盆腔淋巴结清扫术
改良乳突根治术（右）	乳突改良根治术
左腓总神经探查术	腓总神经探查术
经右单鼻腔-蝶窦入路垂体瘤切除术	经蝶骨垂体病损切除术
腹腔镜左肾上腺切除	腹腔镜单侧肾上腺切除术
腰椎后路椎体成形术	经皮椎骨成形术
右膝人工关节置换术	全部膝关节置换
额叶肿瘤切除术	顶叶病损切除术
经尿道膀胱肿瘤钬激光剜除术	经尿道膀胱病损激光烧灼术
左侧颈内动脉动脉瘤介入栓塞术	头和颈部血管内修补或闭合
右眼前房成形术	前房成形术
脊髓内肿瘤切除术	脊髓病损切除术
左眼鼻内窥镜下泪囊鼻腔开窗术	泪囊鼻腔吻合术[DCR]
腹腔镜左肾部分切除	腹腔镜下肾部分切除术
右侧听神经鞘瘤切除术	听神经瘤切除术
左肾输尿管全长切除术	肾输尿管切除术
左足内固定拆除术	骨置入装置去除
子宫肌瘤剔除术	子宫肌瘤切除术
(腹腔镜)腹腔镜胆囊切除术	腹腔镜下胆囊切除术
右踝关节骨折切开复位内固定术	踝关节骨折切开复位内固定术
支撑喉镜下声带息肉CO2激光切除术	内镜下声带病损激光切除术
经鼻蝶脑脊液鼻漏修补术	脑脊液鼻漏修补术
左侧去骨瓣减压术	颅骨去骨瓣减压术
胸壁肿物扩大切除术	胸壁病损切除术
脊柱内固定装置取出术	脊柱内固定装置去除术
胸腔镜左肺上叶切除术	胸腔镜下肺叶切除术
电子耳蜗植入术(右侧,澳大利亚CI24R.FREEDOM)	人工耳蜗置入术
胸腔镜第三胸交感神经干并第二三交感神经旁路纤维切断术	胸腔镜下交感神经切断术
右侧甲状腺切除术+左侧甲状腺部分切除术	单侧甲状腺切除伴他叶部分切除术
腹腔镜右侧肾上腺嗜铬细胞瘤切除术	腹腔镜肾上腺病损切除术
左肘内固定取出术	骨置入装置去除
经尿道前列腺绿激光剜除术。	经尿道(超声)激光诱导前列腺切除术(TULIP)
左侧输尿管膀胱再吻合术	输尿管膀胱吻合术
声带小结切除术	声带病损切除术
双侧乳房假体取出术	去除乳房植入物
腹腔镜右肾上腺巨大肿瘤切除	腹腔镜肾上腺病损切除术
胸腔镜辅助下左上叶肺切除术	胸腔镜下肺叶切除术
股骨切开复位内固定	股骨骨折切开复位内固定术
膀胱造瘘术	经皮膀胱造口术
左侧拇长伸肌腱缝合术	手部伸肌腱缝合术
右单侧甲状腺切除术	单侧甲状腺叶切除术
左肾根治切除术	单侧肾切除术
左侧肾盂输尿管连接部狭窄成型术	肾盂输尿管成形术
茎突截短术	茎突截短术
保留面神经腮腺浅叶切除术	腮腺叶切除术
右肩关节脱位手法复位术	肩脱位闭合性复位术
右侧乙状窦后入路听神经瘤切除术	经乙状窦后入路听神经瘤切除术
宫颈锥切	子宫颈锥形切除术
双侧扁桃体等离子切除术	扁桃体等离子切除术
开放右肾囊肿去顶减压术	肾囊肿去顶术
大隐静脉高位结扎+点状抽剥术	大隐静脉高位结扎和剥脱术
左颞开颅脑内血肿清除术	脑血肿切开引流术
经输尿管镜支架置入术	经尿道输尿管支架置入术
胸腔镜第三胸交感神经干并第三交感神经旁路纤维切断术	胸腔镜下交感神经切断术
左眼人工晶体取出术	去除眼植入物
玻璃体腔药物注射术OS	玻璃体药物注射术
全麻下甲状腺全切术	甲状腺全部切除术
右侧肾上腺肿瘤切除术。	肾上腺病损切除术
支撑喉镜下会厌良性肿瘤切除术	内镜下会厌病损切除术
右眼玻璃体腔注药（康柏西普）	玻璃体药物注射术
后正中入路椎管内肿瘤切除术	脊髓或脊膜病损的切除术或破坏术
脊柱内固定物取出术	脊柱内固定装置去除术
大脑开颅前交通动脉动脉瘤夹闭术	前交通动脉瘤夹闭术
掌骨钢板内固定术	掌骨内固定术
VATS右侧胸膜活检术	胸腔镜胸膜活组织检查
脐疝无张力修补术	脐疝无张力修补术
右上颌骨全切术	上颌骨全部切除术
腹腔镜胆囊切除（LC）	腹腔镜下胆囊切除术
右额颞顶颅骨缺损钛网修补术	颅骨钛网置入术
右膝关节表面置换	全部膝关节置换
双侧扁桃体切除术+腺样体切除术	扁桃体部分切除伴腺样体切除术
经支撑喉镜CO2激光左声带新生物切除术	内镜下声带病损激光切除术
腹主动脉瘤带膜支架置入术	腹主动脉覆膜支架腔内隔绝术
支撑喉镜下CO2激光右侧声带肿物切除术	内镜下声带病损激光切除术
大腿离断术	大腿截断术
右侧大脑慢性硬膜下血肿钻孔引流术	硬脑膜下钻孔引流术
右睾丸根治性切除术	单侧睾丸切除术
大面积脑梗塞去骨瓣减压术	颅骨去骨瓣减压术
右足多趾畸形切除术	多趾截除术
宫颈锥切术	子宫颈锥形切除术
支撑喉镜下会厌新生物切除术	内镜下会厌病损切除术
经右胸胸腔镜下纵隔病损切除术	胸腔镜下纵隔病损切除术
腰椎后路间盘摘除Wallis置入术	腰椎间盘切除术##棘突装置的置入
根治性全膀胱切除+回肠膀胱术+阑尾切除术	小肠段分离术##根治性膀胱切除术##可控回肠膀胱术##阑尾切除术
腹腔镜下卵巢病损切除术	腹腔镜卵巢病损切除术
开放性颅脑损伤清创术	脑清创术
根治性右半结肠切除术	右半结肠根治性切除术
腹腔镜辅助阴道子宫切除术（LAVH）+腹腔镜下双侧输卵管卵巢切除术	腹腔镜辅助阴道子宫切除术(LAVH)##腹腔镜双侧卵巢和输卵管切除术
胸骨固定钢丝取出术	胸骨内固定装置去除术
右颞叶海绵状血管瘤切除术	颞叶病损切除术
右拇多指切除术	上肢截断术
左翼点入路脑膜瘤切除术	脑膜病损切除术
左锁骨钢板内固定取出术	锁骨内固定装置去除术
左侧锁骨下动脉支架成形术	锁骨下动脉支架置入术
双侧支撑喉镜下会厌囊肿切除术	内镜下会厌病损切除术
颅骨切除减压术	颅骨去骨瓣减压术
为肾透析的股静脉置管术	静脉导管插入术，为肾透析
后腹腔镜下肾上腺病损切除术(左侧)	腹腔镜肾上腺病损切除术
左髋关节切开复位＋左髋salter骨盆截骨＋左股骨旋转截骨术	骨盆楔形截骨术##髋脱位开放性复位术##股骨楔形骨切开术
椎管内病变切除术	脊髓或脊膜病损的切除术或破坏术
左侧甲状腺腺叶切除+右侧甲状腺大部切除术	单侧甲状腺切除伴他叶部分切除术
腹腔镜胃溃疡穿孔修补术	腹腔镜胃溃疡穿孔修补术
胸腔镜下纵膈肿物切除术	胸腔镜下纵隔病损切除术
皮肤肿瘤切除术	皮肤病损切除术
下颌骨骨折切开复位内固定术+髁状突骨折切开复位内固定术	髁状突骨折切开复位内固定术##下颌骨骨折切开复位内固定术
右肾实质切开取石	肾切开取石术
滞留流产清宫术	终止妊娠刮宫术
头皮肿物切除术	皮肤病损切除术
侧脑室外引流	颅外脑室分流术
支撑喉镜下右侧声带息肉摘除术	内镜下声带病损切除术
右侧三叉神经鞘瘤切除术	三叉神经病损切除术
左侧锁骨骨折切开复位内固定术	锁骨骨折切开复位内固定术
神经内镜下经蝶垂体腺瘤切除术	经蝶骨垂体病损切除术
双侧侧脑室钻孔引流术	脑室钻孔引流术
胸腔镜下右肺中叶楔形切除	胸腔镜下肺楔形切除术
经腹右肾切除术	单侧肾切除术
颅底肿瘤切除术。	颅底病损切除术
双下肢截肢术	下肢截断术
移植肾输尿管膀胱再植术	移植肾输尿管膀胱吻合术
内科胸腔镜下胸膜活检术	胸腔镜胸膜活组织检查
左侧甲状腺腺叶切除+右侧甲状腺近全切除术	单侧甲状腺切除伴他叶部分切除术
经内镜支撑喉镜下双侧声带息肉摘除术	内镜下声带病损切除术
右甲状腺腺叶切除术+左甲状腺部分切除术	单侧甲状腺切除伴他叶部分切除术
右腮腺包块探查切除术。	腮腺病损切除术
心脏双腔起搏器安置术	双腔永久起搏器置入术
左侧甲状腺肿块切除术	甲状腺病损切除术
胸腔镜下右肺上叶切除	胸腔镜下肺叶切除术
慢性硬膜下积液钻孔引流术	硬脑膜下钻孔引流术
睾丸固定术左侧	睾丸固定术
锁骨切开复位内固定	锁骨骨折切开复位内固定术
TURP（TURiS）	经尿道前列腺切除术（TURP）
腹腔镜胆囊切除术气腹压：14mmHg	腹腔镜下胆囊切除术
腹腔镜下左肾癌根治术	腹腔镜下单侧肾切除术
微创漏斗胸矫治	胸变形修补术
右腹股沟肿物切除术	腹股沟病损切除术
骨穿	骨活组织检查
显微镜下支撑喉镜下右侧声带息肉切除术	支撑喉镜下声带显微缝合术
右眼玻璃体腔注药（雷珠单抗）术	玻璃体药物注射术
膀胱镜下血块清除术	经尿道膀胱血块清除术
颅骨缺损自体骨修补术	颅骨瓣形成
支撑喉镜下双侧声带新生物摘除术	内镜下声带病损切除术
VATS左肺下叶切除	胸腔镜下肺叶切除术
腹壁伤口清创术	腹壁清创术
肱骨钢板内固定术	肱骨内固定术
大隐静脉高位结扎+点状剥脱术	大隐静脉高位结扎和剥脱术
开腹探查术	开腹探查术
乙状窦后入路左侧听神经瘤切除术	经乙状窦后入路听神经瘤切除术
经尿道膀胱镜下双J管取出术	膀胱镜D-J管取出术
L4-5神经根松解、棘突间融合术	2-3个椎骨融合或再融合##腰椎后柱融合术，后入路##脊神经根减压术
基底动脉尖动脉瘤介入栓塞术	经导管颅内动脉瘤栓塞术
左侧髌骨骨折切开复位张力带钢丝内固定术（捷迈）	髌骨骨折切开复位内固定术
右孟氏骨折术后取内固定术	尺骨内固定装置去除术
支撑喉镜显微镜下左侧声带囊肿切除术	支撑喉镜下声带显微缝合术
右侧侧脑室三角部脑膜瘤切除术	脑膜病损切除术
经尿道前列腺电切术+经尿道绿激光前列腺汽化术	经尿道前列腺切除术（TURP）##经尿道(超声)激光诱导前列腺切除术(TULIP)
双侧支撑喉镜下声带息肉显微切除术	支撑喉镜下声带显微缝合术
经腹会阴联合直肠癌根治术	腹会阴直肠切除术
右心导管	右心导管置入
产钳术手术类型：低位	低位产钳手术
L45后入路腰椎间盘切除术+椎骨植骨术+后入路腰椎融合术	2-3个椎骨融合或再融合##腰椎椎体间融合术，后入路##腰椎间盘切除术
双侧支撑喉镜下声带小结显微切除术	支撑喉镜下声带显微缝合术
左额颞顶颅骨修补术(钛网)	颅骨钛网置入术
右下颌骨肿物开窗活检术	颌骨活组织检查术
显微支撑就激光声带息肉摘除术	支撑喉镜下声带显微缝合术
经后腹腔镜左肾上腺肿瘤切除术	腹腔镜肾上腺病损切除术
左侧支撑喉镜下声带病损激光烧灼术	内镜下声带病损激光切除术
前列腺电切术	经尿道(超声)激光诱导前列腺切除术(TULIP)
枕骨大孔区脑膜瘤切除术	脑膜病损切除术
尿道下裂修复术（Duplay术式）	尿道下裂修补术
经尿道膀胱肿物电切	经尿道膀胱病损切除术
全麻显微支撑喉镜下喉部新生物活检术	闭合性[内镜]喉活组织检查
L5/S1神经根管封闭术	脊神经根阻滞术
经单鼻孔侵袭性垂体大腺瘤切除术（神经内镜及导航辅助下）	经蝶骨垂体病损切除术
脑室—腹腔分流术	侧脑室腹腔内分流术
腹腔镜下鞘状突高位结扎术	腹腔镜下鞘状突高位结扎术
终止妊娠刮宫术	终止妊娠刮宫术
唇腺活检	唇活组织检查
腹膜后淋巴结清扫术	腹膜后淋巴结清扫术
经尿道膀胱气压弹道碎石术	经尿道膀胱气压弹道碎石术
腺样体刮除术	腺样增殖体切除术不伴扁桃体切除术
右侧阔韧带肌瘤切除术	阔韧带病损切除术
幕上开颅左额叶占位病切除术	额叶病损切除术
胸腔镜左肺下叶楔形切除	胸腔镜下肺楔形切除术
乳房肿块切除活检术	乳房病损局部切除术
宫腔镜下宫腔粘连分离术	宫腔镜子宫内膜粘连松解术
封堵器辅助左侧输尿管镜钬激光碎石术及双J管置入术	经尿道输尿管支架置入术##经尿道输尿管/肾盂激光碎石术
经尿道尿道肉阜切除术	经尿道尿道病损电切术
右侧桥小脑角区脑膜瘤切除术	脑膜病损切除术
(左侧)全膝关节置换 施乐辉Legion	全部膝关节置换
(腹腔镜)胆囊切除术((51.2201))	腹腔镜下胆囊切除术
右侧踝关节融合术	踝融合术
经内镜支撑喉镜下左侧声带肿物切除术	内镜下声带病损切除术
脑室钻孔引流	脑室钻孔引流术
尿道扩张+输尿管支架管置入术	经尿道输尿管支架置入术##尿道扩张
内镜辅助支撑喉镜下右侧声带肿物切除术	内镜下声带病损切除术
颅骨钻孔冲洗引流术	颅骨钻孔引流术
腹腔镜下肾部分切除术(后腹腔镜下左肾部分切除术)	腹腔镜下肾部分切除术
右侧额颞顶枕硬膜下血肿钻孔引流术	硬脑膜下钻孔引流术
右侧去骨瓣减压术	颅骨去骨瓣减压术
右跟腱断裂吻合术	肌腱修补术
左肩关节离断术	肩关节离断术
局部皮肤病理活检	皮肤和皮下组织的活组织检查
脑脊液切口瘘修补术	脑脊液切口漏修补术
腹腔镜下右侧睾丸下降固定术	腹腔镜睾丸固定术
直视下周围神经活组织检查	周围神经活组织检查
经鼻中隔蝶窦复发垂体瘤切除术	经蝶骨垂体病损切除术
甲状旁腺肿物切除	甲状旁腺病损切除术
基底动脉分叉部动脉瘤支架辅助介入栓塞术	经导管颅内动脉瘤支架辅助栓塞术
距下关节融合术	距下关节关节制动术
锁骨上淋巴结活检术	锁骨上淋巴结活组织检查
胸腔镜下左侧胸膜固定术	胸腔镜下胸膜固定术
腱鞘松解术	腱鞘松解术
右侧单侧肾切除术	单侧肾切除术
阴茎下弯矫直术	阴茎矫直术
胸腔镜下左肺下叶肿物切除术	胸腔镜下肺病损切除术
膀胱镜下双侧输尿管双J管拔除术	膀胱镜D-J管取出术
左侧腮腺肿块切除+浅叶切除+面神经松解减压术	面神经减压术##腮腺病损切除术
经鼻内镜下垂体瘤切除术	经蝶骨垂体病损切除术
右中、下肺叶切除术	肺叶切除术
下胫腓固定螺钉取出术	胫骨和腓骨置入装置去除
双侧脑室外引流术	脑室颅外分流术
脊柱内固定装置去除术	脊柱内固定装置去除术
左后腹腔镜肾上腺肿瘤切除术	腹腔镜肾上腺病损切除术
VATS右胸膜活检术	胸腔镜胸膜活组织检查
内窥镜下脑内血肿引流术	内镜下脑血肿引流术
DSA引导下左侧L5-S1脊神经根粘连松解术（手术代码;03.6002)	脊神经根减压术
A8C8D8阻生牙拔除术	阻生牙拔除术
右鼓室成形术Ⅲi	鼓室成形术，III型
(腹腔镜左侧)腹腔镜下肾囊肿去顶减压术	腹腔镜下肾囊肿去顶术
右侧人工股骨头置换术（强生）	人工股骨头置换术
右下肢静脉畸形栓塞硬化注射	静脉注射硬化药
左单侧甲状腺切除术+右单侧甲状腺部分切除术	单侧甲状腺切除伴他叶部分切除术
右侧甲状腺全切除＋左侧甲状腺次全切除术	单侧甲状腺切除伴他叶部分切除术
左颞底入路肿瘤切除术	脑病损切除术
DSA引导下左侧L4-5脊髓和神经根粘连松解术（手术代码;03.6002)	脊髓和神经根粘连的松解术
保留肾单位右肾部分切除术	部分肾切除术
异体肾移植术+修肾术	移植肾修补术##肾异体移植术
断掌再植术	断掌再植术
左前臂动静脉瘘结扎术	动静脉瘘结扎术
左乳肿区段除术	乳房病损局部切除术
后腹腔镜右侧肾上腺病损切除术	腹腔镜肾上腺病损切除术
右侧鼓室成形术（I型）	鼓室成形术,I型
后路经皮穿刺椎体后凸成形术（KMC）	经皮椎体增强
颈椎椎管内占位切除术	脊髓或脊膜病损的切除术或破坏术
人工全膝置换术	全部膝关节置换
支撑喉镜下左侧声带白斑切除术	内镜下声带病损切除术
腘静脉松解术	血管松解
VATS右中肺叶楔形切除术	胸腔镜下肺楔形切除术
支撑喉镜下右侧喉良性肿物切除术	支撑喉镜下喉病损切除术
锁骨骨折切开复位钢板内固定	锁骨骨折切开复位内固定术
右肾探查，右肾切除术	肾探查术##单侧肾切除术
左侧面神经显微血管减压术	面神经微血管减压术
经鼻内镜腺样体切除术	内镜下腺样体切除术
经腹全子宫切除术	经腹全子宫切除术
右侧枕角穿刺脑室腹腔分流术	侧脑室腹腔内分流术##脑池穿刺
输尿管镜下拔DJ管术	输尿管镜输尿管支架取出术
唇裂修补术	裂唇修补术
腹腔镜左肾盂输尿管成形术	腹腔镜下肾盂输尿管成形术
试产后子宫下段剖宫产术	低位子宫下段剖宫产
右叶甲状腺肿物切除术	甲状腺病损切除术
右肾上腺切除术	单侧肾上腺切除术
胸骨正中劈开胸腺瘤切除术	胸腺病损切除术
全膝关节假体翻修术	膝关节置换修正术
右踝关节外侧韧带重建术	踝关节外侧韧带修补术
经皮房间隔缺损介入封堵术	房间隔缺损闭式封堵术
左尺骨鹰嘴骨折内固定取出术	尺骨内固定装置去除术
支撑喉镜下声带肿物切除术（左）	内镜下声带病损切除术
显微喉镜下双侧声带白斑切除术	支撑喉镜下声带显微缝合术
左侧甲状腺良性肿瘤切除术。	甲状腺病损切除术
关节镜探查术	关节镜检查
左侧基底节区脑出血穿刺引流术	颅内穿刺引流术
右额颞顶颅骨切除减压术	颅骨去骨瓣减压术
冠状开颅脑膜瘤切除术	脑膜病损切除术
左侧额颞顶慢性硬膜下血肿钻孔引流术。	硬脑膜下钻孔引流术
经蝶入路垂体瘤切除术	经蝶骨垂体病损切除术
左侧输尿管支架管拔除术	去除输尿管造口导管和输尿管导管
左侧输尿管切开取石术及输尿管内支架管置入术	输尿管切开取石术##输尿管导管插入术
肝囊肿开窗引流术	肝切开引流术
右甲状腺全切+左甲状腺部分切除术	单侧甲状腺切除伴他叶部分切除术
腰1椎体骨折经后路切开复位钉棒系统内固定术。	腰椎骨折切开复位内固定术
阴茎延长术(隐匿性阴茎矫治术)	阴茎延长术
大隐静脉高位结扎分段剥脱	大隐静脉高位结扎和剥脱术
后颅窝开颅左侧听神经瘤切除术	听神经瘤切除术
支撑喉镜下右声带病损切除术	内镜下声带病损切除术
左甲状腺腺叶+右甲状腺部分切除术	单侧甲状腺切除伴他叶部分切除术
腰后路椎板切除减压术	椎板切除减压术
电视喉镜下右侧声带息肉摘除术	内镜下声带病损切除术
左全髋关节置换术+内固定取出术	骨空隙骨水泥填充术##全髋关节置换
骶骨活检术	椎骨活组织检查
右腮腺区包块探查切除术。	腮腺病损切除术
右侧三叉神经痛微血管减压术	三叉神经微血管减压术
甲状腺右叶部分、左叶全切除术	单侧甲状腺切除伴他叶部分切除术
床旁锥颅颅内压监护电极置入术	颅内压监测
显微镜支撑喉镜下右侧声带囊肿切除术	支撑喉镜下声带显微缝合术
左甲状腺腺叶切除，右甲状腺部分切除术	单侧甲状腺切除伴他叶部分切除术
右侧大腿离断术	大腿截断术
输尿管镜气动碎石术	经尿道输尿管/肾盂气压弹道碎石术
顶骨骨瘤切除术	颅骨病损的切除术
硬脑膜修补术	脑膜修补术
膀胱镜下移植肾DJ管拔除术	膀胱镜D-J管取出术
经额脑膜瘤切除术	经额脑膜病损切除术
手部腱鞘松解术	手部腱鞘松解术
左颧弓骨折复位术	面骨骨折复位术
慢性硬脑膜下血肿钻孔术	硬脑膜下钻孔引流术
左足Ⅰ趾经跖骨截趾术	趾截断术
VATS右上肺叶楔形切除术	胸腔镜下肺楔形切除术
左甲状腺全切除术	单侧甲状腺叶切除术
左胸背部骨骼肌肿块切除术	肌肉病损切除术
胸腔镜下胸腺肿物切除术	胸腺病损切除术
经尿道膀胱镜膀胱血块清除术	经尿道膀胱血块清除术
股骨髓内针内固定术	股骨内固定术
骨盆肿瘤切开活检术	骨盆活组织检查
左膝关节镜检查术	关节镜膝关节检查
输尿管镜下更换双J管术	输尿管支架置换术
右尺骨短缩术	尺骨缩短术
经鼻蝶入路鞍区占位切除术	鞍区病损切除术
左侧人工股骨头置换术（双动头）	人工股骨头置换术
右侧肾盂成形术	肾盂成形术
支撑喉镜下双声带新生物摘除术	内镜下声带病损切除术
椎体后凸成型术	经皮椎体增强
支撑喉镜双侧声带息肉切除术	内镜下声带病损切除术
右侧人工股骨头置换术（蒙太因）	人工股骨头置换术
大脑前交通动脉瘤介入栓塞术	经导管颅内动脉瘤栓塞术
左面神经微血管减压术	面神经微血管减压术
肺大疱切除术	肺大泡切除术
颅骨修补术颅骨缺损修补术	颅成形术
支撑喉镜下声带息肉显微切除术	支撑喉镜下声带显微缝合术
左侧桡动脉-头静脉内瘘成形术	为肾透析，动静脉吻合术
顶部脑膜膨出切除修补术	脑膜膨出修补术
永久心脏起搏器植入术	首次或置换永久起搏器置入
左甲状腺切除+右甲状腺部分切除术	单侧甲状腺切除伴他叶部分切除术
双侧支撑喉镜下声带小结切除术	内镜下声带病损切除术
根治性胰十二指肠切除术	根治性胰十二指肠切除术
右侧大隐静脉曲张剥脱术	大隐静脉曲张剥脱术
甲状舌管囊肿摘除术	甲状舌管病损切除术
单孔胸腔镜下左肺上叶楔形切除术	胸腔镜下肺楔形切除术
肝动脉化疗栓塞术	经导管肝动脉栓塞术##动脉化疗栓塞
左胸壁占位切除术	胸壁病损切除术
左侧输尿管膀胱再植术	输尿管膀胱吻合术
已行手术冠状动脉支架置入术	去除冠状动脉梗阻和支架置入
锁骨骨折切开复位钢板内固定术	锁骨骨折切开复位内固定术
脑室腹腔分流管调整术	脑室腹腔分流管调整术
后路椎体成形术	经皮椎骨成形术
右胫骨病灶活检术	胫骨活组织检查
经右鼻腔蝶窦垂体瘤切除术	经蝶骨垂体病损切除术
右侧岩尖脑膜瘤切除术	脑膜病损切除术
支撑喉镜下CO2激光声带息肉切除术	内镜下声带病损激光切除术
膀胱镜下取D-J管术	膀胱镜D-J管取出术
支撑喉镜下双侧声带肿物切除术	内镜下声带病损切除术
胸腔镜经左胸左肺上叶病灶楔形切除术	胸腔镜下肺病损切除术
右外耳道骨瘤切除术	外耳病损切除术
双乳区段切除+术中冰冻	乳房病损局部切除术
左大腿淋巴管瘤切除术	淋巴管瘤切除术
腔镜下右侧甲状腺大部切除术	腔镜下甲状腺大部切除术
胸腔镜右肺大泡切除术	胸腔镜下肺大疱切除术
右侧额颞部硬膜下血肿钻孔引流术	硬脑膜下钻孔引流术
支撑喉镜下右声带肿物摘除术	内镜下声带病损切除术
右侧听神经瘤显微切除术	听神经瘤切除术
输尿管镜下移植肾双J管拔除术	输尿管镜输尿管支架取出术
双膝关节置换	全部膝关节置换
双下肢大隐静脉高位结扎＋剥脱术	大隐静脉高位结扎和剥脱术
经尿道输尿管镜激光碎石术+输尿管支架置入术	经尿道输尿管支架置入术##经尿道输尿管/肾盂激光碎石术
支撑喉镜下声带息肉摘除术。	内镜下声带病损切除术
右侧额叶复发胶质瘤切除术	额叶病损切除术
左右心导管及先天性心脏病ASD封堵术	房间隔缺损闭式封堵术
双侧扁桃体剥切术	扁桃体切除术不伴腺样增殖体切除术
胸壁肿块扩大切除术	胸壁病损切除术
右侧跟腱吻合术	肌腱修补术
腹腔镜右肾MT根治术	单侧肾切除术
后正中入路T12-L1椎管内占位切除术	脊髓或脊膜病损的切除术或破坏术
下腔静脉球囊成形术	腔静脉球囊血管成形术
颞叶病损切除术	颞叶病损切除术
左侧心脏除颤器置入术	心脏除颤器置入术
腰椎间盘切除术（经皮内镜下椎间孔入路椎间盘髓核摘除术）	内镜下腰椎髓核切除术
内镜支撑喉镜下双侧声带息肉摘除术	内镜下声带病损切除术
(其他微创)经皮内镜下椎间孔镜下经椎间孔入路腰椎间盘突出髓核摘除术((80.5111.01))	内镜下腰椎髓核切除术
髁状突骨折+颏部骨折切开复位内固定	髁状突骨折切开复位内固定术##下颌骨骨折开放性复位术
宫腔镜下子宫内膜息肉电切术加曼月乐环放置术	子宫内避孕装置置入##宫腔镜子宫内膜病损切除术
左髂骨肿瘤切开活检术	骨盆活组织检查
双下肢大隐静脉高位结扎、分段剥脱术	大隐静脉高位结扎和剥脱术
四脑室占位性病变切除术	第四脑室病损切除术
输尿管镜检查术（左）	输尿管镜检查
经尿道膀胱肿瘤电切术+包皮环切术	经尿道膀胱病损切除术##包皮环切术
胸腰椎椎弓根钉棒系统内固定物取出术	脊柱内固定装置去除术
左颞骨骨瘤切除术	颅骨病损的切除术
腹腔镜左肾上腺肿瘤切除	腹腔镜肾上腺病损切除术
右侧额颞开颅基底节区血肿清除术	脑血肿切开引流术
右侧人工股骨头置换术（Zimmer）	人工股骨头置换术
大隐静脉高位结扎及部分静脉剔除术(单侧)	大隐静脉高位结扎和剥脱术
脾动脉瘤切除术	脾动脉瘤切除术
右侧经血管心脏射频消融术	经导管心脏射频消融术
大脑开颅左侧海绵窦旁脑膜瘤切除术	脑膜病损切除术
右侧尺神经松解术	尺神经松解术
左小指截指术	手指截断术，拇指除外
颈椎后路颈3-7单开门椎管减压成形术。	椎管扩大成形术，单开门
葡萄胎清宫术	终止妊娠刮宫术
左侧臂丛神经松解术	臂丛神经松解术
前颅底脑膜瘤切除术	脑膜病损切除术
左股骨内固定切开取出术。	股骨内固定装置去除术
包皮背侧切开术	包皮切开术
左股骨头置换	人工股骨头置换术
D8阻生牙拔除术	阻生牙拔除术
左上肺切除术	肺叶切除术
股骨头重建棒植入术	股骨内固定术
大脑开颅前颅窝底脑膜瘤切除术	脑膜病损切除术
扁桃体切除术伴增殖体切除术(28.3)	扁桃体部分切除伴腺样体切除术
经皮椎体活检术	椎骨活组织检查
左顶钻孔，硬膜下血肿冲洗引流术	脑膜切开术
支撑喉镜下左声带新生物摘除术	内镜下声带病损切除术
翼点入路鞍结节脑膜瘤切除术	脑膜病损切除术
右侧翼点开颅脑膜瘤切除术	脑膜病损切除术
神经导航下右侧额顶部窦镰旁脑膜瘤显微切除术。	脑膜病损切除术
右侧额叶血肿清除术	脑血肿切开引流术
左叶甲状腺切除、右叶甲状腺部分切除术	单侧甲状腺切除伴他叶部分切除术
胸腔镜辅助左肺上叶舌段切除术	胸腔镜肺叶节段切除术
左侧全髋关节置换术（施乐辉黑晶头）	全髋关节置换
经支撑喉镜下行右声带息肉摘除术	内镜下声带病损切除术
VATS左肺上叶切除术	胸腔镜下肺叶切除术
脑室镜辅助右侧脑室腹腔分流术	脑室镜下脑室腹腔分流术
经皮椎间盘造影术	椎间盘造影
尿道镜下尿道狭窄电切术+经尿道前列腺切除术[TURP手术]	经尿道前列腺切除术（TURP）##经尿道尿道狭窄电切术
左耳鼓膜切开置管术	鼓膜切开术伴置管
左侧基底节区血肿清除+去骨瓣减压术	颅骨去骨瓣减压术##脑血肿切开引流术
右大脑慢性硬膜下血肿钻孔引流术	硬脑膜下钻孔引流术
开放左肾切除术	单侧肾切除术
显微镜下睾丸切开取精术	睾丸切开术
颈部软组织肿物切除术	颈部软组织病损切除术
上腔静脉球囊扩张术	腔静脉球囊血管成形术
支撑喉显微镜下声带息肉摘除术	支撑喉镜下声带显微缝合术
剖左胸，左肺下叶切除术	肺叶切除术
左膝后交叉韧带胫骨止点撕脱骨折切开复位内固定术	胫骨骨折切开复位内固定术
经尿道前列腺激光切除术[TULIP手术]钬激光剜除术	经尿道(超声)激光诱导前列腺切除术(TULIP)
阴茎矫直术+尿道成形术	尿道成形术##阴茎矫直术
垂直部分喉切除术	垂直喉部分切除术
双眼FFA术	眼荧光素血管造影
左甲状腺腺瘤切除术	甲状腺病损切除术
腹腔镜左肾上腺切除术	腹腔镜单侧肾上腺切除术
T12椎体压缩骨折pkp术	经皮椎体增强
左侧甲状腺腺叶切除术+峡部切除术	单侧甲状腺切除伴甲状腺峡部切除术
右侧大隐静脉高位结扎分段剥脱术	大隐静脉高位结扎和剥脱术
左侧胸腔镜下肺楔形切除术	胸腔镜下肺楔形切除术
右听神经瘤切除术	听神经瘤切除术
L2、L4椎体成形术	经皮椎骨成形术
输尿管镜拔管	输尿管导管去除
支撑喉镜下行左侧声带肿物切除术	内镜下声带病损切除术
DSA下输尿管支架管置换术	输尿管支架置换术
双侧拇指屈肌腱狭窄性腱鞘炎松解术	手部腱鞘松解术
胸主动脉覆膜支架置入腔内隔绝术	胸主动脉覆膜支架腔内隔绝术
关节镜下前十字韧带重建术	关节镜膝关节前交叉韧带重建术
左胫骨肿物活检术	胫骨活组织检查
脑立体定向深部电极植入术	脑深部电极置入术
颅骨肿物切除术	颅骨病损的切除术
1.胸腔镜下左侧膈肌折叠术；2.左侧胸腔闭式引流	胸腔镜膈肌折叠术##胸腔闭式引流术
左甲状腺腺叶+峡部切除	单侧甲状腺切除伴甲状腺峡部切除术
CT引导选择性神经根注射术	周围神经注射
右眼玻璃体腔药物注射术+前房穿刺术	玻璃体药物注射术##前房穿刺术
右眼眼球摘除术	眼球摘除术
根治性膀胱切除，盆腔淋巴清扫，回肠膀胱术	腹腔镜下膀胱根治切除术##小肠段分离术##可控回肠膀胱术##盆腔淋巴结清扫术
左输尿管插管术	输尿管导管插入术
内镜辅助下支撑喉镜下右侧声带肿物切除术	内镜下声带病损切除术
VATS经右胸全胸腺切除术	胸腔镜下胸腺全部切除术
颅内镜经鼻蝶入路垂体肿物切除术经鼻中隔蝶窦垂体瘤切除术	经蝶骨垂体病损切除术
左侧甲状腺全切除术+右侧甲状腺近全切除术	单侧甲状腺切除伴他叶部分切除术
胸腔镜下双侧交感神经链切断	胸腔镜下交感神经切断术
锁骨下静脉穿刺置管	锁骨下静脉穿刺中心静脉置管术
跟腱断裂缝合术	肌腱修补术
自体大隐静脉右股腘动脉旁路术	股动脉-腘动脉搭桥术
左侧甲状腺叶切除术	单侧甲状腺叶切除术
耳内镜下左鼓室成形I型术	鼓室成形术,I型
左额脑肿瘤切除术	脑病损切除术
左侧股骨颈骨折术后空心钉取出术	股骨内固定装置去除术
心脏永久起搏器（DDD）植入术	双腔永久起搏器置入术
左侧肾造瘘管置换术	肾造口导管置换
膀胱憩室切除术	膀胱病损切除术
右三叉神经射频热凝术（Ⅱ、Ⅲ支）	颅和周围神经的破坏术
输尿管镜碎石术（左）	经尿道输尿管和肾盂梗阻去除
皮肤恶性肿瘤切除术	皮肤病损切除术
降主动脉内支架置入术	胸主动脉支架置入术
肾造瘘管更换术	肾造口导管置换
右侧脑室-腹腔分流术	侧脑室腹腔内分流术
左锁骨内固定装置取出术	锁骨内固定装置去除术
等离子TURP+尿道扩张	经尿道前列腺切除术（TURP）##尿道扩张
腹腔镜下右侧腹股沟斜疝无张力修补术	单侧腹股沟斜疝无张力修补术
左全肺切除、纵隔淋巴结廓清术	全肺切除术伴纵隔淋巴结清扫术
左侧腹腔镜下肾上腺肿瘤切除术	腹腔镜肾上腺病损切除术
玻璃体药物注射术	玻璃体药物注射术
LS左肾根治术	腹腔镜下单侧肾切除术
经尿道膀胱镜膀胱激光碎石术	经尿道膀胱激光碎石术
经腹子宫肌瘤核除术	子宫肌瘤切除术
胸主动脉覆膜支架腔内修复术	胸主动脉覆膜支架腔内隔绝术
显微喉镜下左侧声带息肉切除术	支撑喉镜下声带显微缝合术
右侧颈内动脉瘤栓塞术	头和颈部血管内修补或闭合
右侧三叉神经感觉根切断术	切断三叉神经
经右胸纵隔囊肿切除术	纵隔病损切除术
显微支撑喉镜下左侧声带新生物切除术	支撑喉镜下声带显微缝合术
经腹腔镜行胃转流术	腹腔镜下胃转流术（LRYGB)
左上肢头静脉－肱动脉端侧动静脉内瘘成形术	为肾透析，动静脉吻合术
腔镜右侧甲状腺包块切除术。	腔镜下甲状腺病损切除术
右肺上叶切除术	肺叶切除术
大脑开颅颅骨修补术	颅成形术
经左股静脉行下腔静脉永久滤器置入术	下腔静脉滤器置入术
右侧甲状腺腺叶及峡部切除术	单侧甲状腺切除伴甲状腺峡部切除术
左侧腕管正中神经松解术	正中神经松解术
腰椎占位穿刺活检术	椎骨活组织检查
左枕下-乙状窦后入路肿瘤切除术	脑病损切除术
胸腔镜下右中肺切除术	胸腔镜下肺叶切除术
甲状腺肿瘤切除术	甲状腺病损切除术
胸主动脉覆膜支架介入置入术	胸主动脉覆膜支架腔内隔绝术
经尿道前列腺电切术	经尿道前列腺切除术（TURP）
右拇多指切除整形术	上肢截断术
甲状旁腺部分切除术	甲状旁腺部分切除术
肺内异物取出术	肺内异物取出术
腰椎侧方入路经皮穿刺椎间孔镜椎间盘切除术	内镜下腰椎间盘切除术
食道镜检异物取出术	食管镜食管异物取出术
前列腺癌根治术	根治性前列腺切除术
右侧锁骨下动脉支架植入术	锁骨下动脉支架置入术
内镜经鼻脑脊液鼻漏修补术	内镜下脑脊液鼻漏修补术
右甲状腺切除术	单侧甲状腺叶切除术
右胸壁清创术	胸壁清创缝合术
睾丸病损切除术	睾丸病损切除术
左侧输尿管镜检查+逆行造影术	输尿管镜检查##逆行输尿管造影
耻骨上经膀胱前列腺摘除术	耻骨上经膀胱前列腺切除术
右肾动脉球囊扩张术	肾动脉球囊血管成形术
snodgrass尿道成形术	尿道成形术
肱骨切开复位内固定	肱骨骨折切开复位内固定术
腹部切口清创缝合术	腹壁清创术
脑脊液鼻瘘修补术	脑脊液鼻漏修补术
腹腔镜下肾上腺病损切除术(右侧肾上腺肿瘤切除术)	腹腔镜肾上腺病损切除术
脑膜瘤切除术	脑膜病损切除术
经尿道膀胱癌诊断性汽化电切术。	经尿道膀胱病损切除术
支撑喉镜下喉新生物摘除术	支撑喉镜下喉病损切除术
右额叶病损切除术	额叶病损切除术
幕上开颅右额部脑膜瘤切除术	脑膜病损切除术
(其他内镜)经蝶窦垂体瘤切除术	经蝶骨垂体病损切除术
经鼻蝶入路鞍区病损切除术+脑脊液鼻瘘修补术	鞍区病损切除术##脑脊液鼻漏修补术
右甲状旁腺瘤切除术	甲状旁腺病损切除术
经左胸纵隔肿物切除术	纵隔病损切除术
左侧睾丸下降固定术+包皮环切术	包皮环切术##睾丸固定术
甲状腺峡部切除术	甲状腺峡部切除术
左侧胸壁血管瘤切除术	胸壁病损切除术
右侧胫骨髓内钉内固定术	胫骨内固定术
双大隐静脉高位结扎＋点式剥脱术	大隐静脉高位结扎和剥脱术
单侧乳房改良根治术	单侧乳腺改良根治术
胸腔镜右肺下叶结节切除术	胸腔镜下肺病损切除术
胸腔镜下双侧交感神经链切断术	胸腔镜下交感神经切断术
左下肢静脉支架置入术	周围（非冠状的）血管非药物洗脱支架置入
扁桃体伴腺样体切除术	扁桃体部分切除伴腺样体切除术
左侧输尿管镜检查、扩张、输尿管D-J管置入术。	经尿道输尿管支架置入术##输尿管镜检查##输尿管扩张术
腹腔镜下右肾上腺嗜铬细胞瘤切除术	腹腔镜肾上腺病损切除术
输尿管镜下碎石术（软镜）	经尿道输尿管和肾盂梗阻去除
双侧额叶占位切除术	额叶病损切除术
子宫-输卵管造影	子宫-输卵管充气造影
1腹腔镜下输尿管切开取石术（左）2输尿管周围粘连松解术3输尿管支架置入术	腹腔镜下输尿管切开取石术##腹腔镜下输尿管周围粘连松解术##输尿管导管插入术
胸腔镜下第三胸交感神经干并第二三四交感神经旁路纤维切断术	胸腔镜下交感神经切断术
胸骨正中劈开，前纵隔肿物切除术	纵隔病损切除术
颌骨囊肿开窗引流术	颌骨囊肿开窗引流术
左跟腱修复术	肌腱修补术
支撑喉镜下左侧声带病变切除术	内镜下声带病损切除术
右股骨中段截肢术	膝上截断术
右侧甲状腺叶+峡部切除术	单侧甲状腺切除伴甲状腺峡部切除术
右侧甲状腺切除术+左侧甲状腺次全切除术	单侧甲状腺切除伴他叶部分切除术
右侧三叉神经半月节热射频治疗术	颅和周围神经的破坏术
左甲状腺囊肿切除术	甲状腺病损切除术
右上肺楔形切除术	肺楔形切除术
床旁锥颅右侧脑室外引流术	颅外脑室分流术
根治性左半泌尿系切除术	肾输尿管切除术
右拇指腱鞘切开术	手部肌、腱、筋膜和粘液囊切开术
(喉（或咽）镜)喉镜下声带病损切除术((30.0901))	内镜下声带病损切除术
双膝人工全膝表面置换术	全部膝关节置换
包皮环切器包皮环切术	包皮环切术
右额叶复发胶质瘤显微切除术	额叶病损切除术
(其他内镜)蝶窦探查术((22.5201))	内镜下蝶窦探查术
右额部占位切除术	额叶病损切除术
颅内压监测探头置入术	颅内压监测
骨盆骨折内固定取出术	骨盆内固定装置去除术
左叶甲状腺及峡部切除术	单侧甲状腺切除伴甲状腺峡部切除术
右侧膝关节三间室置换术（强生）	全部膝关节置换
胸腔镜下右肺结节楔形切除术	胸腔镜下肺病损切除术
左大腿截断术	大腿截断术
肝动脉栓塞化疗术	经导管肝动脉栓塞术##动脉化疗栓塞
经尿道前列腺电切/剜除术	经尿道前列腺切除术（TURP）
脑室腹腔分流管探查术	脑室分流管探查术
甲状腺双侧叶全切术	甲状腺全部切除术
(胆道镜)胆道镜检查术	胆道镜检查术
右侧枕下乙状窦后入路三叉神经微血管减压术（MVD）	三叉神经微血管减压术
左侧经皮冠状动脉支架置入术	去除冠状动脉梗阻和支架置入
经尿道膀胱肿瘤钬激光切除术	经尿道膀胱病损激光烧灼术
(左侧)颅内硬膜下冲洗术	脑膜切开术
尿道下裂Ⅰ期矫正术。	尿道下裂修补术
左侧甲状腺包块切除术	甲状腺病损切除术
经尿道前列腺电切术+双侧睾丸切除术	经尿道前列腺切除术（TURP）##同一次手术中去除双侧睾丸
移植肾穿刺活检术	肾穿刺活组织检查
经腹左肾肿瘤根治术	单侧肾切除术
经腹左侧卵巢囊肿剥除术	卵巢病损切除术
大脑开颅颅骨骨瘤切除术	颅骨病损的切除术
左足内固定取出术	骨置入装置去除
DDD型永久性心脏起搏器植入术（Medtronic）	双腔永久起搏器置入术
左手腱鞘囊肿切除术	手部腱鞘囊肿切除术
肾动脉狭窄支架置入术	肾动脉支架置入术
右侧三叉神经微血管减压术	三叉神经微血管减压术
支撑喉镜下双侧声带息肉激光切除术	内镜下声带病损激光切除术
硬膜下积液钻孔引流术	硬脑膜下钻孔引流术
冠状切口左额入路脑肿瘤切除术	脑病损切除术
输尿管插管术右侧	输尿管导管插入术
宫腔粘连分离术	子宫内膜粘连切断术
小阴唇粘连松解术	外阴粘连松解术
经后路胸椎骨折切开复位+内固定术	胸椎骨折切开复位内固定术
CT导航下胸椎经椎弓根穿刺活检术	椎骨活组织检查
左重复肾切除术	单侧肾切除术
双侧髂动脉支架植入术	髂动脉支架置入术
下颌骨骨折切开复位术	下颌骨骨折开放性复位术
侧路镜下腰4.5间盘摘除术	腰椎间盘切除术
腰穿	腰椎穿刺术
腱鞘巨细胞瘤切除术	腱鞘病损切除术
支撑喉镜下左声带肿物摘除术	内镜下声带病损切除术
内镜下右侧面神经微血管减压术	内镜下面神经微血管减压术
内镜支撑喉镜下右侧声带囊肿切除术	内镜下声带病损切除术
颈椎后路枕颈融合术	枕-颈融合术，后入路
双侧下颌升支矢状劈开截骨术+LefortI型截骨术	下颌骨截骨成形术##上颌LefortⅠ型截骨成形术
(关节镜右侧)肩关节镜下岗上肌腱修补术+(关节镜右侧)肩关节镜下肩锋成形术+(关节镜右侧)关节镜下肱二头肌腱固定术+(关节镜右侧)肩关节镜检查	冈上肌修补术##关节镜肩关节检查##肩峰成形术##肌腱固定术
经皮肾镜左肾结石气压弹道超声碎石术	经皮肾镜气压弹道碎石术
腹腔镜下左侧输尿管膀胱再植术	腹腔镜下输尿管膀胱吻合术
右侧内乳动脉及锁骨下动脉灌注化疗术	动脉注射化疗药物
左肱骨髁上骨折切开复位克氏针内固定术	肱骨骨折切开复位内固定术
右眼结膜肿物切除术	结膜病损切除术
腹腔镜下肾囊肿去顶术(右肾囊肿)	腹腔镜下肾囊肿去顶术
(其他微创左侧)桥小脑角血管神经减压术((04.4203))	颅和周围神经粘连的松解术和减压术
腭裂修复术	腭裂矫正术
主动脉-多支冠状动脉搭桥术(5支）	四根或以上冠状动脉的(主动脉)冠状动脉旁路移植
右甲状腺腺叶+峡部切除	单侧甲状腺切除伴甲状腺峡部切除术
神经导航下右颞叶占位显微切除术。	颞叶病损切除术
VATS右肺下叶背段切除术	胸腔镜肺叶节段切除术
(胸腔镜左侧下部)肺叶切除术((32.2905))	胸腔镜下肺叶切除术
输尿管镜下左输尿管结石钬激光碎石术	经尿道输尿管/肾盂激光碎石术
T12椎体骨折椎体成形术	经皮椎骨成形术
眼外肌移位术	眼外肌移位术
左后腹腔镜下肾上腺肿瘤切除术	腹腔镜肾上腺病损切除术
双侧输尿管导管置入术	输尿管导管插入术
右DDH术后取内固定	骨盆内固定装置去除术
右环指清创再植术	手指断指再植术
支撑喉镜显微镜下左侧声带息肉切除术	支撑喉镜下声带显微缝合术
ECMO安置术。	体外膜氧合[ECMO]
经闭孔尿道中段悬吊术（TVT-O）	经阴道闭孔无张力尿道中段悬吊术(TVT-O)
支撑喉镜下二氧化碳激光声带白斑切除术	内镜下声带病损激光切除术
侧脑室-腹腔分流术	侧脑室腹腔内分流术
大隐静脉高位结扎＋剥脱术	大隐静脉高位结扎和剥脱术
右侧睾丸鞘膜切除术	睾丸鞘膜切除术
右颞顶颅骨凹陷性骨折整复术	颅骨骨折复位术
双侧输尿管DJ管置换术	输尿管支架置换术
左侧经皮肾造瘘术	肾造口术
左侧膝关节镜检术	关节镜膝关节检查
右侧大隐静脉高位结扎、分段剥脱术	大隐静脉高位结扎和剥脱术
纵膈内肿物（甲状腺左叶及峡部）切除术	单侧甲状腺切除伴甲状腺峡部切除术
(其他微创)主动脉瓣机械瓣膜置换术((35.2201))	主动脉瓣机械瓣膜置换术
子宫下段横切口剖宫产术（二次剖宫产）	剖宫产术，子宫下段横切口
左颞肿瘤切除术	颞叶病损切除术
左侧甲状腺腺叶+右侧甲状腺次全切除术	单侧甲状腺切除伴他叶部分切除术
双侧甲状腺近全切除术	甲状腺病损切除术
前交通动脉瘤夹闭术	前交通动脉瘤夹闭术
经尿道膀胱碎石术	经尿道膀胱清除术
电视喉镜下声带白斑摘除术	内镜下声带病损切除术
右侧舌咽神经微血管减压术	舌咽神经微血管减压术
海绵窦区硬脑膜动静脉瘘介入栓塞术	动静脉瘘栓塞术
骨活检术	骨活组织检查
前交通动脉动脉瘤介入栓塞术	经导管颅内动脉瘤栓塞术
左侧胫骨内固定物取出术	胫骨内固定装置去除术
左侧肾上腺腺瘤切除术	肾上腺病损切除术
经右侧颈内静脉行下腔静脉临时滤器取出术	下腔静脉滤器取出术
左侧离断式肾盂成形术	肾盂成形术
椎管内髓外硬膜下肿瘤切除术	硬脊膜外病损切除术
左侧脓胸廓清术	胸腔切开脓肿清除术
右中下叶肺切除术	肺叶切除术
左锁骨骨折ORIF	锁骨骨折切开复位内固定术
宫颈椎切术	子宫颈锥形切除术
自体骨瓣颅骨修补术	颅骨瓣形成
肛周脓肿切开引流术	肛周脓肿切开术
肱骨近端切开复位内固定	肱骨骨折切开复位内固定术
(右侧)乳房癌改良根治术（MEDDEN）((85.4303))	单侧乳腺改良根治术
阻生牙拔除术	阻生牙拔除术
头皮裂伤清创缝合术	头皮缝合术
左侧侧脑室-腹腔分流管探查术	脑室分流管探查术
经腹子宫肌瘤剥离挖除术	子宫肌瘤切除术
胆道镜探查术	胆道镜检查术
腹腔镜左肾部分切除术	腹腔镜下肾部分切除术
腔镜右甲状腺包块切除术。	腔镜下甲状腺病损切除术
右额脑膜切开伴硬脑膜下腔血肿清除术	脑膜切开伴硬脑膜下腔血肿清除术
左锁骨内固定拆除术	锁骨内固定装置去除术
右经皮肾镜钬激光碎石+双J管置入术	经皮肾镜激光碎石术##经皮肾镜输尿管支架置入术
尿道下裂修复术（Snodgrass术式）	尿道下裂修补术
右侧面神经MVD	面神经微血管减压术
(其他内镜)内窥镜下三脑室造口（瘘）术	神经内镜第三脑室造口术
左前胸壁结核病灶清除术	胸壁病损切除术
VATS辅助食管病损切除术	胸腔镜食管病损切除术
脑室分流管置换术	脑室分流管置换术
神经导航下鞍区病变显微切除术。	鞍区病损切除术
多指畸形矫正术	上肢截断术
左侧上颌骨颧骨颧弓骨折切开复位内固定术	颧骨骨折切开复位内固定术
单鼻孔经蝶垂体瘤显微切除术	经蝶骨垂体病损切除术
VATS-左肺上叶切除术	胸腔镜下肺叶切除术
双股骨远端、双胫骨近骨骺固定术	骨骺固定术
显微支撑喉镜声带息肉摘除术	支撑喉镜下声带显微缝合术
重睑成形术	重睑术
双手拇指多指切除术	上肢截断术
左侧膝关节半月板损伤膝关节镜检术	关节镜膝关节检查
经胸腔镜双侧第三胸交感神经干切断术	胸腔镜下交感神经切断术
阴茎弯曲矫形术	阴茎矫直术
左侧半月神经节射频热凝术	三叉神经半月节射频热凝术
左甲状腺腺叶+右甲状腺大部切除术	单侧甲状腺切除伴他叶部分切除术
胸腔镜下后纵隔肿瘤切除术	胸腔镜下纵隔病损切除术
左侧额颞顶部硬膜下积液外引流术	脑膜切开术
右中指再造术	手指再附着
切口疝修补术	切口疝修补术
前列腺放射性粒子置入术	前列腺放射性粒子置入术
脊柱内固定装置取出术((78.6901))	脊柱内固定装置去除术
左额颞顶部颅骨缺损颅骨钛板置入术	颅骨钛板置入术
经尿道膀胱镜膀胱碎石钳碎石取石术	经尿道膀胱碎石钳碎石取石术
右眼白内障超声乳化术	白内障晶状体乳化和抽吸
胸腔镜左肺上叶楔形切除术	胸腔镜下肺楔形切除术
部分膝关节置换术右膝关节内侧间室置换术	部分膝关节置换术
TURP（等离子电切）	经尿道前列腺切除术（TURP）
经尿道双极前列腺剜除术+组织粉碎术	经尿道前列腺切除术
椎管内囊肿切除术	脊髓或脊膜病损的切除术或破坏术
腹腔镜下左侧肾上腺切除术（经腹腔入路）	腹腔镜单侧肾上腺切除术
大脑开颅右额叶肿瘤切除术	额叶病损切除术
白内障超声乳化术+IOL植入术OD	置入人工晶状体##白内障晶状体乳化和抽吸
VATS右胸全胸腺切除术	胸腔镜下胸腺全部切除术
右肩袖修补术	回旋肌环带修补术
左膝关节镜检+滑膜切除+针刀松解术	关节镜膝关节检查##关节镜膝关节滑膜切除术##膝关节松解术
左肾切开取石术	肾切开取石术
神经电生理监测下胸腰段椎管内占位性病变切除术	脊髓或脊膜病损的切除术或破坏术
面神经减压术	面神经减压术
左上颌骨部分切除术	上颌骨部分切除术
经皮胸12椎体成形术	经皮椎骨成形术
支撑喉镜下显微镜下左侧声带息肉切除术	支撑喉镜下声带显微缝合术
右胫骨外支架取出术	胫骨外固定装置去除术
肾动脉支架植入术	肾动脉支架置入术
胸腔镜下右上肺占位切除术	胸腔镜下肺病损切除术
左外耳道新生物切除术	外耳病损切除术
髌骨内固定取出术((78.6601))	髌骨内固定装置去除术
支气管囊肿切除术	支气管病损切除术
腹腔镜阑尾切除术	腹腔镜下阑尾切除术
大脑开颅脑脊液鼻漏修补术	脑脊液鼻漏修补术
胸腔镜辅助双侧交感神经链切断术	胸腔镜下交感神经切断术
腹腔镜下右侧疝囊高位结扎术	腹腔镜下单侧腹股沟斜疝疝囊高位结扎术
右侧额叶占位性病变切除术	额叶病损切除术
右声带息肉摘除术	声带病损切除术
胸腔镜下双侧胸4交感神经干切断术	胸腔镜下交感神经切断术
超声支气管镜检查	超声支气管镜检查
显微镜下支撑喉镜下双侧声带息肉切除术	支撑喉镜下声带显微缝合术
岩斜区脑膜瘤切除术	脑膜病损切除术
Duplay尿道成形术	尿道成形术
椎旁神经阻滞镇痛术	周围神经麻醉药注射，为了镇痛
肾动脉球囊扩张成形术	肾动脉球囊血管成形术
冠状切口右额入路脑膜瘤切除术	经额脑膜病损切除术
右侧甲状腺腺叶切除+左侧甲状腺大部切除术	单侧甲状腺切除伴他叶部分切除术
神经导航下左侧顶叶肿瘤显微切除术。	顶叶病损切除术
会阴裂伤缝合术	会阴裂伤缝合术
输尿管镜检查+拔输尿管支架管	输尿管镜检查##去除输尿管造口导管和输尿管导管
右甲状腺肿物切除术	甲状腺病损切除术
内镜辅助支撑喉镜下双声带肿物切除术	内镜下声带病损切除术
左眼复合式小梁切除术	外路小梁切除术
尿道内切开术	尿道切开术
经右股静脉下腔静脉滤器植入术	下腔静脉滤器置入术
后腹腔镜左侧肾上腺囊肿切除术	腹腔镜肾上腺病损切除术
支撑喉镜下喉肿物摘除术	支撑喉镜下喉病损切除术
左侧三叉神经微血管减压术	三叉神经微血管减压术
支撑喉镜下双声带病损切除术	内镜下声带病损切除术
左侧PCNL，输尿管内D-J管置入术	经皮肾镜碎石术（PCNL）##经皮肾镜输尿管支架置入术
左锁骨钢板内固定术	锁骨内固定术
左侧乙状窦后入路左侧听神经瘤切除术	经乙状窦后入路听神经瘤切除术
左肱骨髁上骨折切开复位内固定术	肱骨骨折切开复位内固定术
双声带息肉切除术	声带病损切除术
后路全椎板切除减压术	椎板切除减压术
左侧人工股骨头置换术（前路）	人工股骨头置换术
左侧腓总神经松解术	腓总神经松解术
双侧额角脑室外引流术	脑室颅外分流术
经尿道膀胱肿瘤绿激光汽化术	经尿道膀胱病损激光烧灼术
胸腔镜右肺大疱切除术	胸腔镜下肺大疱切除术
右侧经皮肾镜超声碎石术	经皮肾镜超声碎石术
神经内镜下经蝶窦鞍区占位切除术	鞍区病损切除术
骶骨穿刺活检术	椎骨活组织检查
脑积水脑室腹腔分流术	侧脑室腹腔内分流术
左侧额颞顶去骨瓣减压术	颅骨去骨瓣减压术
(其他内镜)脑脊液鼻漏修补术((02.1202))	内镜下脑脊液鼻漏修补术
左额顶开颅颅内占位切除术	脑病损切除术
踝关节镜下游离体取出术	踝关节游离体取出术
鼻内镜下腺样体等离子消融术	腺样体等离子切除术
经皮穿刺椎体后凸成型术（T12 PKP术）	经皮椎体增强
颅骨修复术	颅成形术
支撑喉镜下右侧声带囊肿切除术	内镜下声带病损切除术
甲状腺左叶，峡部切除术	单侧甲状腺切除伴甲状腺峡部切除术
包皮环切术（吻合器法）	包皮环切术
皮肤组织活检术	皮肤和皮下组织的活组织检查
喉良性肿瘤切除术-经支撑喉镜	支撑喉镜下喉病损切除术
胸腔镜下右中肺叶切除术	胸腔镜下肺叶切除术
(腹腔镜)腹腔镜胃间质瘤切除	腹腔镜下胃病损切除术
肛门成形术	肛门成形术
右侧副耳切除术	副耳切除术
右侧桡骨内固定装置去除术	桡骨内固定装置去除术
产后刮宫术	分娩或流产后的扩张和刮宫术
髌骨骨折内固定物取出术	髌骨内固定装置去除术
面神经、三叉神经微血管减压术+神经梳理术+术中电生理监测	手术中神经生理监测##三叉神经微血管减压术##颅和周围神经的破坏术##面神经微血管减压术
左侧甲状腺全切除+右侧甲状腺部分切除术	单侧甲状腺切除伴他叶部分切除术
VATS右下肺叶切除术	胸腔镜下肺叶切除术
左侧睾丸鞘膜翻转术	睾丸鞘膜翻转术
左下颌钛板取出术	下颌骨内固定装置取出术
电视喉镜下会厌囊肿摘除术	内镜下会厌病损切除术
周围神经阻滞术	周围神经阻滞术
右甲状腺全切除、左甲状腺部分切除术	单侧甲状腺切除伴他叶部分切除术
右侧腹腔镜下单侧肾上腺切除术	腹腔镜单侧肾上腺切除术
双侧甲状舌管囊肿切除术	甲状舌管病损切除术
支撑喉镜下声带肿物活检术	内镜下声带活组织检查术
下腔静脉滤网植入术	下腔静脉滤器置入术
右手内固定物取出术	腕骨和掌骨置入装置去除
脑叶切开术	脑叶切开术
部分性脾动脉栓塞术	经导管脾动脉栓塞术
经内镜支撑喉镜下右侧声带息肉切除术	内镜下声带病损切除术
颅骨钛网修补术	颅骨钛网置入术
经尿道前列腺激光切除术[TULIP手术]	经尿道(超声)激光诱导前列腺切除术(TULIP)
后腹腔镜下右肾囊肿开窗术	腹腔镜下肾囊肿去顶术
肾动脉瘤栓塞术	经导管肾血管栓塞术
右甲状腺癌根治术（右甲状腺全切除术+左甲状腺近全切除术）	单侧甲状腺切除伴他叶部分切除术
前列腺根治性切除术((60.5001))	根治性前列腺切除术
全麻显微支撑喉镜下行声带新生物切除术	支撑喉镜下声带显微缝合术
右小指末节伸指肌腱缝合术	手部伸肌腱缝合术
经阴道无张力尿道悬吊术[TVT]	经阴道无张力尿道悬吊术（TVT）
内镜下右侧甲状腺腺叶切除术	单侧甲状腺叶切除术
腹腔镜下左肾上腺肿物切除术	腹腔镜肾上腺病损切除术
右甲状腺+峡部切除术	单侧甲状腺切除伴甲状腺峡部切除术
经尿道膀胱肿瘤活检术	闭合性[经尿道]膀胱活组织检查
支撑喉镜下喉肿物切除术	支撑喉镜下喉病损切除术
内镜下腺样体切除术	内镜下腺样体切除术
双侧额叶脑内血肿清除术	脑血肿切开引流术
人工永久心脏起搏器植入术	首次或置换永久起搏器置入
左踝关节下胫腓螺钉取出术	胫骨和腓骨置入装置去除
支撑喉镜显微镜下左侧声带新生物切除术	支撑喉镜下声带显微缝合术
尿道成形术手术方式及根据（若术式大于一种）：/	尿道成形术
左侧甲状腺腺叶切除术。	单侧甲状腺叶切除术
右膝关节表面置换术（施乐辉高屈曲）	全部膝关节置换
经皮穿刺支气管动脉栓塞术	经导管支气管动脉栓塞术
右肘尺神经松解前移术	尺神经松解术##尺神经移位术
左侧额颞开颅前交通动脉瘤夹闭术	前交通动脉瘤夹闭术
B超引导下肝穿刺术	闭合性(经皮)[针吸]肝活组织检查
经尿道膀胱肿瘤激光术	经尿道膀胱病损激光烧灼术
左侧甲状腺全切、右侧甲状腺部分切除术	单侧甲状腺切除伴他叶部分切除术
DSA引导下左侧T6－8脊髓和神经根粘连松解术（手术代码;03.6002)	脊髓和神经根粘连的松解术
双甲状腺全切除术	甲状腺全部切除术
右肾上腺巨大肿瘤切除	肾上腺病损切除术
左甲腺叶切除术	单侧甲状腺叶切除术
经颞脑病损切除术	经颞脑病损切除术
移植肾DJ管拔除术	输尿管双“J”管取出术
指关节病损切除术	指关节病损切除术
右侧CP角脑膜瘤切除术	脑膜病损切除术
腰椎后入路椎间孔镜下L5/S1椎间盘切除、神经根管减压术	内镜下腰椎间盘切除术##脊神经根减压术
后正中入路四脑室占位切除术	第四脑室病损切除术
支撑喉镜下双侧喉新生物切除术	支撑喉镜下喉病损切除术
食道镜下食道异物取出术	食管镜食管异物取出术
左肾根治性切除术（肿瘤大于7cm）	单侧肾切除术
胸腔镜下左肺肺大疱切除术	胸腔镜下肺大疱切除术
显微镜下支撑喉镜下声带息肉切除术	支撑喉镜下声带显微缝合术
经输尿管镜膀胱气压弹道碎石术	经尿道膀胱气压弹道碎石术
根治性右肾切除	单侧肾切除术
[手术名称]经导管房间隔缺损封堵术	房间隔缺损闭式封堵术
右膝关节镜下肿物切除术	关节镜膝关节病损切除术
左侧甲状舌管囊肿切除术	甲状舌管病损切除术
左额叶肿物显微切除术	额叶病损切除术
腹腔镜下肝囊肿开窗术	腹腔镜下肝囊肿开窗引流术
胸腔镜经右胸右肺上叶病灶楔形切除术	胸腔镜下肺病损切除术
左侧岩斜区脑膜瘤切除术	脑膜病损切除术
左手环指残端修整术	截断残端的修复术
右侧甲状腺肿物切除术。	甲状腺病损切除术
左肾根治性切除	单侧肾切除术
经尿道离子束刀膀胱肿瘤切除术	经尿道膀胱病损切除术
已行手术 经腹子宫下段横切口剖宫产术	剖宫产术，子宫下段横切口
左甲状腺全切，右甲状腺次全切除术	单侧甲状腺切除伴他叶部分切除术
输尿管支架拔除术	去除输尿管造口导管和输尿管导管
左侧颈动脉内膜切除，颈动脉补片成形术	颈动脉内膜切除伴补片修补术
经支撑喉镜下左侧声带肿物切除术	内镜下声带病损切除术
双侧硬脑膜下钻孔引流术	硬脑膜下钻孔引流术
右面神经微血管神经减压术	面神经微血管减压术
供肾修补+同种异体肾移植术（DCD供肾）+移植肾输尿管支架置入术	移植肾修补术##经尿道输尿管支架置入术##肾异体移植术
骶骨肿瘤穿刺活检术	椎骨活组织检查
左眼激光虹膜切除术	虹膜激光切除术
尺神经前置术	尺神经移位术
右胫腓骨截骨矫形术	腓骨缩短术
诊断性刮宫	诊断性刮宫术
腹腔镜下肾部分切除术(左肾肿瘤)	腹腔镜下肾部分切除术
主动脉窦瘤破裂修补术	主动脉窦修补术
腹腔镜膀胱根治性切除术+腹腔镜盆腔淋巴结切除术+回肠膀胱术	腹腔镜下膀胱根治切除术##小肠段分离术##可控回肠膀胱术##腹腔镜盆腔淋巴结清扫术
VATS，左肺上叶楔形切除术	胸腔镜下肺楔形切除术
卵巢囊肿剥除术	卵巢病损切除术
左侧胸膜固定术	胸膜固定术
左额钻孔硬膜下血肿引流术	脑膜切开术
胸腔穿刺置管引流术	胸腔闭式引流术
腰椎后路间盘摘除术	腰椎间盘切除术
支撑喉镜下双侧声带小结切除术	内镜下声带病损切除术
经尿道膀胱镜碎石术	经尿道膀胱清除术
膝关节双间室置换术	部分膝关节置换术
右侧尺神经前置术	尺神经移位术
右侧甲状腺全切，左侧甲状腺全切术	甲状腺全部切除术
包皮切开术	包皮切开术
髂内动脉栓塞术	经导管髂内动脉栓塞术
硬膜外血肿清除术	颅内血肿清除术
胸腔镜辅助纵隔占位切除术	胸腔镜下纵隔病损切除术
左拇指多指切除整复术	上肢截断术
宫腔镜下宫腔粘连松解术	宫腔镜子宫内膜粘连松解术
支撑喉镜下左侧声带病损切除术	内镜下声带病损切除术
骨盆肿瘤切除术	骨盆病损切除术
椎旁神经单次阻滞镇痛术	周围神经麻醉药注射，为了镇痛
右股骨骨折切开复位内固定术（PFNA）	股骨骨折切开复位内固定术
(其他微创)神经导航下脑肿瘤切除术((01.5940))	脑病损切除术
腰椎穿刺	腰椎穿刺术
皮肤活检术	皮肤和皮下组织的活组织检查
左胫距关节融合术	胫距关节融合术
LS左肾上腺肿物切除术	腹腔镜肾上腺病损切除术
支撑喉镜下喉白斑切除术	支撑喉镜下喉病损切除术
左肩锁关节脱位切开复位内固定	肩锁关节脱位切开复位内固定术
显微镜下支撑喉镜下右侧声带肿物切除术	支撑喉镜下声带显微缝合术
VATS下右下肺叶楔形切除	胸腔镜下肺楔形切除术
左桡动脉-头静脉造瘘术	为肾透析，动静脉吻合术
左臂丛神经探查松解术	臂丛神经探查术##臂丛神经松解术
冠状动脉支架植入术。	去除冠状动脉梗阻和支架置入
立体定向微创穿刺颅内病灶活检术	神经导航下颅内病变活组织检查
右侧甲状腺全切+峡部切除术	单侧甲状腺切除伴甲状腺峡部切除术
股骨闭合复位钢针内固定 理贝尔	股骨骨折闭合性复位术伴内固定
移植肾动脉球囊扩张术	肾动脉球囊血管成形术
床旁锥颅颅内压监测电极置入术	颅内压监测
右三叉神经微血管减压术	三叉神经微血管减压术
乳房病损微创旋切术	乳房病损局部切除术
双侧股骨头髓芯减压术	股骨减压术
右甲状腺及峡部切除术	单侧甲状腺切除伴甲状腺峡部切除术
左侧斜颈腱性条索切断术	腱索切断术
玻璃体注药术OU	玻璃体药物注射术
三叉神经射频消融术	三叉神经射频消融术
经尿道前列腺绿激光气化术。	经尿道(超声)激光诱导前列腺切除术(TULIP)
双膝关节镜检查术	关节镜膝关节检查
右甲状腺大部分切除术	甲状腺大部切除术
右髋关节穿刺活检术	骨盆活组织检查##关节穿刺术
双侧椎体成形术	经皮椎骨成形术
左髌骨内固定物取出术	髌骨内固定装置去除术
床旁锥颅，右侧脑室穿刺引流术	脑池穿刺
右额叶胶质瘤切除+颅内压监护置入术	额叶病损切除术##颅内压监测
支撑喉镜下显微声带息肉切除术	支撑喉镜下声带显微缝合术
腹腔镜左半尿路切除	腹腔镜下单侧肾输尿管切除术
输尿管镜检术	输尿管镜检查
(腹腔镜)腹腔镜检查术	腹腔镜检查
腭咽成形术	腭咽成形术
左侧三叉神经射频热凝术	颅和周围神经的破坏术
胸腔镜左肺肿物切除术	胸腔镜下肺病损切除术
支撑喉镜下右侧喉肿物切除术	支撑喉镜下喉病损切除术
左手拇指狭窄性腱鞘松解术	手部腱鞘松解术
支撑喉镜下左侧声带息肉摘除术	内镜下声带病损切除术
经十一肋右肾上腺及肿瘤切除	肾上腺病损切除术##单侧肾上腺切除术
(喉（或咽）镜)喉镜下喉病损切除术	支撑喉镜下喉病损切除术
右腕管镜下腕横韧带切开，正中神经松解	正中神经松解术
双叶甲状腺肿物切除术	甲状腺病损切除术
腰椎肿瘤穿刺活检术	椎骨活组织检查
纵隔镜纵隔淋巴结清扫	纵隔淋巴结清扫术
左侧锁骨骨折切开复位钢板内固定术（金兴达）	锁骨骨折切开复位内固定术
左下肢静脉畸形栓塞硬化注射	静脉注射硬化药
右侧甲状腺切除术+峡部切除术	单侧甲状腺切除伴甲状腺峡部切除术
尿道冷刀切开术	尿道切开术
显微镜直视支撑喉镜下声带病损切除术	支撑喉镜下声带显微缝合术
双膝置换术	全部膝关节置换
经尿道双J管置入术	经尿道输尿管支架置入术
单鼻孔蝶窦入路垂体瘤切除术	经蝶骨垂体病损切除术
右环指骨骼肌软组织肿物切除术	手肌肉病损切除术
胸腔镜下右肺楔形切除术	胸腔镜下肺楔形切除术
化脓性阑尾切除术	阑尾切除术
膝关节镜下关节松解术	膝关节松解术
鼻内镜下左侧上颌窦囊肿切除术	内镜下上颌窦病损切除术
左侧额颞顶原切口入路开颅颅骨钛网成形术	颅骨钛网置入术
左侧甲状腺叶及峡部切除术	单侧甲状腺切除伴甲状腺峡部切除术
左胫腓骨骨折内固定术	胫骨和腓骨内固定不伴骨折复位术
双正中神经松解术。	正中神经松解术
甲状腺全切术	甲状腺全部切除术
全麻显微支撑喉镜下行声带新生物摘除术	支撑喉镜下声带显微缝合术
脑室分流管去除术	脑室分流管去除术
截指术	上肢截断术
左侧甲状腺切除术+右侧甲状腺部分切除术	单侧甲状腺切除伴他叶部分切除术
胸腔镜下交感神经链切断术（双侧）。	胸腔镜下交感神经切断术
胸腔镜下交感神经切断术(双侧)	胸腔镜下交感神经切断术
右侧额颞顶颅骨缺损钛网修补术	颅骨钛网置入术
腹腔镜肾盂成形术（左）	腹腔镜下肾盂成形术
左颈动脉瘤体瘤切除术	颈动脉体瘤切除术
经十一肋右肾根治性切除术	单侧肾切除术
支撑喉镜下双声带息肉切除术	内镜下声带病损切除术
经阴道膀胱阴道瘘修补术	膀胱阴道瘘修补术
胸腔镜下左上肺尖后段切除术	胸腔镜肺叶节段切除术
胸12-腰1椎管内占位切除术	脊髓或脊膜病损的切除术或破坏术
彩色多普勒超声引导下右肩关节肌腱松解术+关节穿刺术	肩关节松解术##关节穿刺术
右侧甲状腺加峡部切除术	单侧甲状腺切除伴甲状腺峡部切除术
下腔静脉滤器回收术	下腔静脉滤器取出术
双侧甲状腺肿物部分切除术	甲状腺病损切除术
头皮撕脱伤清创缝合术	头皮缝合术
胸腔镜左上肺肿物楔形切除术	胸腔镜下肺病损切除术
右侧全髋关节置换术（强生）	全髋关节置换
左锁骨内固定取出术	锁骨内固定装置去除术
右额开颅镰旁脑膜瘤切除术	经额脑膜病损切除术
右甲状腺全切除术+左甲状腺全切除术	单侧甲状腺切除伴他叶部分切除术
右侧面神经根显微血管减压术	面神经微血管减压术
胸腔镜下左肺上叶肿瘤楔形切除术	胸腔镜下肺病损切除术
骨盆骨折外固定架固定术	盆骨外固定术
鼻内镜下左侧鼻腔肿物切除术	内镜下鼻内病损切除术
经尿道膀胱肿瘤绿激光汽化术（PVBt）+右侧输尿管双J管置入术	经尿道膀胱病损激光烧灼术##经尿道输尿管支架置入术
腰椎骨折PKP术	经皮椎体增强
右肾上腺肿瘤切除术	肾上腺病损切除术
甲状腺大部切除术甲状腺大部切除术	甲状腺大部切除术
左侧听神经病变切除术	听神经病损切除术
右侧睾丸牵引固定	睾丸固定术
主要手术名称左侧睾丸下降固定术	睾丸固定术
支撑喉镜鼻内镜下喉部肿物切除术	支撑喉镜下喉病损切除术
右上甲状旁腺腺瘤切除术	甲状旁腺病损切除术
左腓骨截骨术	腓骨缩短术
腹腔镜辅助下脑室腹腔分流术	腹腔镜下脑室腹腔分流术
颅内血肿穿刺外引流术	颅内穿刺引流术
跖骨截骨术	跗骨和跖骨缩短术
右股骨肿物切取活检术	股骨活组织检查
后腹腔镜下肾上腺部分切除术	腹腔镜肾上腺部分切除术
左肾MT根治术（&gt;7cm)	单侧肾切除术
输尿管镜下右侧输尿管狭窄段球囊扩张术	输尿管扩张术
骶骨内固定物取出术	脊柱内固定装置去除术
(膀胱镜)膀胱肿瘤切除术	经尿道膀胱病损切除术
心脏除颤器置入术	心脏除颤器置入术
支撑喉镜下声带白斑切除术	内镜下声带病损切除术
子宫下段剖宫产术（急诊）	低位子宫下段剖宫产
支撑喉镜下声带囊肿摘除术	内镜下声带病损切除术
(胸腔镜右侧)胸腔镜下纵隔肿瘤切除术(34.3002)	胸腔镜下纵隔病损切除术
甲状腺右叶包块切除术	甲状腺病损切除术
B超引导下前列腺穿刺+插入导尿管	留置导尿管的置入术##闭合性[经皮][针吸]前列腺活组织检查
左股骨颈骨折ORIF	股骨骨折切开复位内固定术
硅油取出术（右）	玻璃体硅油取出术
神经内镜下鞍区占位病变切除术	鞍区病损切除术
膀胱部分切除术	部分膀胱切除术
胸腔镜右侧膈肌折叠术	胸腔镜膈肌折叠术
右电子耳蜗植入术	人工耳蜗置入术
(右侧)输尿管镜下取异物术	经尿道输尿管/肾盂异物取出术
左股骨颈骨折内固定术	股骨内固定术
左侧人工全髋关节置换术（Zimmer）	全髋关节置换
右输尿管结石气压弹道碎石术	经尿道输尿管/肾盂气压弹道碎石术
(鼻内窥镜)鼻咽活检术	内镜下鼻咽活组织检查
DSA引导下右T3-5肋间神经阻滞术	肋间神经阻滞术
孕期经阴道宫颈环扎术（筋膜外）	经阴道子宫颈环扎术
右小趾截趾术	趾截断术
胸腔镜下右肺下叶病变局部切除术	胸腔镜下肺病损切除术
低位产钳术	低位产钳手术
右侧经蝶骨垂体病损切除术	经蝶骨垂体病损切除术
皮肤表浅肿物切除术	皮肤病损切除术
脑膜切开伴硬脑膜下脓肿引流术	脑膜切开伴硬脑膜下脓肿引流术
支撑喉镜下显微镜下声带息肉切除术	支撑喉镜下声带显微缝合术
左侧乙状窦后入路岩尖脑膜瘤切除术	脑膜病损切除术
支撑喉镜下左声带息肉显微切除术	支撑喉镜下声带显微缝合术
右手食指截指术	手指截断术，拇指除外
左额开颅镰旁脑膜瘤切除术	经额脑膜病损切除术
单孔胸腔镜右肺下叶切除术	胸腔镜下肺叶切除术
锁骨钢板内固定术	锁骨内固定术
左肾部分切除术,使用人工智能辅助治疗技术加收	部分肾切除术
左拇指内固定取出术	指骨内固定装置去除术
(其他微创)腰椎体成形术（修补术）	经皮椎骨成形术
颅内多发脑膜瘤切除术	脑膜病损切除术
支撑喉镜下右声带息肉切除术	内镜下声带病损切除术
胸腔镜纵隔囊肿切除术	胸腔镜下纵隔病损切除术
左乳腺癌乳房单切加前哨淋巴结活检术	前哨淋巴结活组织检查##单侧单纯乳房切除术
经阴道经闭孔尿道中段无张力吊带悬吊术	经阴道闭孔无张力尿道中段悬吊术(TVT-O)
正中切口胸腺瘤切除术	胸腺病损切除术
左心导管检查	左心导管置入
支撑喉镜下双侧声带病损切除术	内镜下声带病损切除术
经皮T12椎体成形术	经皮椎骨成形术
支撑喉镜下左侧喉良性肿物切除术	支撑喉镜下喉病损切除术
支撑喉镜下二氧化碳激光左侧声带肿物切除术	内镜下声带病损激光切除术
右侧经皮冠状动脉支架置入术	去除冠状动脉梗阻和支架置入
左肩部扩张器植入术	躯干皮肤扩张器植入术
支撑喉镜下CO2激光双侧声带息肉切除术	内镜下声带病损激光切除术
ERCP+胰管支架置入术	内镜逆行胰胆管造影[ERCP]##胰管支架置入术
右侧额颞顶枕部硬膜下血肿钻孔引流术。	硬脑膜下钻孔引流术
膝关节镜探查术	关节镜膝关节检查
左踝关节镜检术	关节镜踝关节检查
左乳扩大区段切除术	乳房次全切除术
三脑室造瘘术	第三脑室造口术
左侧侧脑室前角钻孔外引流术	脑室钻孔引流术
腭裂修补术	腭裂矫正术
右侧胸腔闭式引流	胸腔闭式引流术
3D腹腔镜胆囊切除术	腹腔镜下胆囊切除术
多趾截趾术	多趾截除术
支撑喉镜下左侧喉肿物切除术	支撑喉镜下喉病损切除术
肝右叶特殊肝段切除术	肝段切除术
椎板间入路完全内镜下腰椎髓核摘除术（L5/S1）	内镜下腰椎髓核切除术
床旁锥颅双侧脑室外引流术	颅外脑室分流术
胸腔镜下左上肺肿物切除术	胸腔镜下肺病损切除术
(左侧)全膝关节置换 施乐辉G2	全部膝关节置换
尿道口肿块切除	尿道口病损切除术
显微支撑喉镜下双侧声带新生物切除术	支撑喉镜下声带显微缝合术
枕下入路小脑蚓部肿瘤显微切除术	小脑蚓部病损切除术
神经内镜下经鼻碟鞍区占位切除术	鞍区病损切除术
牙槽嵴裂植骨术+髂骨取骨术	牙槽嵴裂植骨术##髂骨切除术用作移植物
耻骨后前列腺癌根治术	根治性前列腺切除术
左眼白内障超声乳化抽吸术	白内障晶状体乳化和抽吸
左侧肾上腺切除术	单侧肾上腺切除术
人工肱骨头置换术	人工肱骨头置换术
左肾盂切开取石	肾盂切开取石术
经皮椎体后凸成形术（PKP）	经皮椎体增强
经鼻蝶神经内镜辅助下鞍区病损切除术	鞍区病损切除术
经支撑喉镜CO2激光会厌囊肿切除术	内镜下会厌病损激光切除术
食管ESD术	内镜食管黏膜下剥离术
B超引导下真空辅助乳腺肿物旋切术	乳房病损局部切除术
腹腔镜下经腹左肾根治术	腹腔镜下单侧肾切除术
左右心导管术	联合的右心和左心导管置入
胸腔镜下左肺下叶结节切除术	胸腔镜下肺病损切除术
双髋人工关节置换术	全髋关节置换
腹腔镜下输尿管膀胱再植术	腹腔镜下输尿管膀胱吻合术
阴茎海绵体冲洗术	阴茎海绵体冲洗术
支撑喉镜显微镜下双侧声带小结切除术	支撑喉镜下声带显微缝合术
左锁骨上淋巴结切除活检术	锁骨上淋巴结切除术
双侧乳房注射材料取出术。	去除乳房植入物
肺叶切除术	肺叶切除术
左胫骨截骨矫形术	胫骨楔形截骨术
左侧甲状腺腺瘤摘除术	甲状腺病损切除术
左侧下颌骨内固定物取出术	下颌骨内固定装置取出术
右肺下叶背段切除术	肺节段切除术
主动脉窦瘤修补术	主动脉窦修补术
VATS右上肺楔形切除	胸腔镜下肺楔形切除术
踝关节镜检查	关节镜踝关节检查
右眼巩膜外加压术	巩膜外加压术
鞍结节脑膜瘤显微切除术	脑膜病损切除术
子宫下段剖宫产术+产钳助产术。	低位子宫下段剖宫产##低位产钳手术
双小腿截肢术	小腿截断术
尿道肿瘤切除术	尿道病损切除术
经导管主动脉瓣置换术	经导管主动脉瓣置换术
右额颞顶部颅骨缺损颅骨钛板置入术	颅骨钛板置入术
显微镜支撑喉镜下左侧声带息肉切除术	支撑喉镜下声带显微缝合术
胸骨后甲状腺全切除术	胸骨下甲状腺全部切除术
经皮腰2椎体后凸成形术（PKP)	经皮椎体增强
胸腔镜下左上肺大疱切除术。	胸腔镜下肺大疱切除术
经左胸cVATS左上肺部分切除术	胸腔镜下肺叶部分切除术
左侧pemberton骨盆截骨术	骨盆楔形截骨术
后枕部脑膜膨出修补术	脑膜膨出修补术
右侧附耳切除术	副耳切除术
(右侧)全髋关节置换术((81.5101)) Depuy Pinnacle+Corail CoC	全髋关节置换
经尿道半导体激光前列腺切除术	经尿道(超声)激光诱导前列腺切除术(TULIP)
左尺骨鹰嘴内固定物取出术	尺骨内固定装置去除术
左耳廓肿物切除术	外耳病损切除术
后路脊柱内固定器取出术	脊柱内固定装置去除术
显微镜下三叉神经根血管减压术	三叉神经微血管减压术
双侧跟腱切断术	跟腱切断术
微创漏斗胸矫形术	胸变形修补术
镰旁脑膜瘤切除术	脑膜病损切除术
腭垂-软腭-咽成形术[UPPP]	悬雍垂腭咽成形术
经鼻蝶窦垂体巨腺瘤切除术	经蝶骨垂体病损切除术
右人工耳蜗再次植入术	人工耳蜗置入术
左侧腮腺病损切除术	腮腺病损切除术
宫颈锥切术+取环术	子宫内避孕器取出术##子宫颈锥形切除术
胸腔镜下胸膜活检术((34.2101))	胸腔镜胸膜活组织检查
右侧甲状腺腺叶＋峡部切除术	单侧甲状腺切除伴甲状腺峡部切除术
后颅窝脑膜瘤切除术	脑膜病损切除术
右胸壁淋巴管瘤切除术	胸壁病损切除术
半月板部分切除术	膝半月板部分切除术
VATS食管平滑肌瘤剥除术	胸腔镜食管病损切除术
右甲状腺叶切除+左甲状腺叶部分切除术	单侧甲状腺切除伴他叶部分切除术
额部颅骨缺损修补术	颅成形术
右额叶占位显微切除术	额叶病损切除术
左甲状腺腺瘤切除术。	甲状腺病损切除术
左侧支撑喉镜下声带囊肿切除术	内镜下声带病损切除术
胸腔镜左上肺部分切除术	胸腔镜下肺叶部分切除术
肛瘘切开挂线引流术	肛瘘挂线术
右髌骨取内固定术	髌骨内固定装置去除术
右侧肘管切开尺神经前置术	尺神经移位术
支撑喉镜下右侧声带息肉切除术	内镜下声带病损切除术
三叉神经半月节射频毁损术	三叉神经半月节射频热凝术
颅骨整复术	颅成形术
胸主动脉夹层动脉瘤覆膜支架腔内隔绝术	胸主动脉覆膜支架腔内隔绝术
右全肺切除、纵隔淋巴结清扫术	全肺切除术伴纵隔淋巴结清扫术
双侧腋臭切除，局部皮瓣成形术	腋嗅切除术##带蒂皮瓣或皮瓣移植
右侧甲状腺腺叶切除+左侧甲状腺近全切除术	单侧甲状腺切除伴他叶部分切除术
左侧甲状腺腺叶切除术	单侧甲状腺叶切除术
床旁锥颅左侧脑室外引流术	颅外脑室分流术
左膝关节表面置换术（施乐辉）	全部膝关节置换
右开胸脓胸廓清术	胸腔切开脓肿清除术
双膝关节镜检术	关节镜膝关节检查
经皮椎体成形+活检术	椎骨活组织检查##经皮椎骨成形术
DSA脑血管造影	脑血管造影
左侧肾上腺嗜铬细胞瘤切除术	肾上腺病损切除术
输尿管膀胱再植术	输尿管膀胱吻合术
关节镜检查+前交叉韧带重建	关节镜膝关节检查##关节镜膝关节前交叉韧带重建术
右甲状腺切除，左甲状腺次全切除术	单侧甲状腺切除伴他叶部分切除术
(膀胱镜)膀胱肿瘤切除术+经尿道膀胱电灼术（TURBT）((57.5906+57.4907))	经尿道膀胱病损切除术
右跟腱修补缝合术	肌腱修补术
左鼓室成形I型	鼓室成形术,I型
右侧半月神经节脉冲射频术	颅和周围神经的破坏术
左眼虹膜周切术	虹膜周边切除术
支撑喉镜下会厌新生物摘除术	内镜下会厌病损切除术
神经导航下左额叶病变显微切除术。	额叶病损切除术
腹腔镜右侧肾上腺肿物切除术	腹腔镜肾上腺病损切除术
右肾切开取石	肾切开取石术
左膝关节镜检术	关节镜膝关节检查
蝶骨嵴脑膜瘤切除术	脑膜病损切除术
右眼复合小梁切除术	外路小梁切除术
腹腔镜下膀胱根治性切除术(+回肠导管术)	腹腔镜下膀胱根治切除术##小肠段分离术##可控回肠膀胱术
大脑开颅、右额叶胶质瘤切除术	额叶病损切除术
左侧后交通动脉瘤支架辅助介入栓塞术	经导管颅内动脉瘤支架辅助栓塞术
支撑喉镜下行双侧声带息肉切除术	内镜下声带病损切除术
人工全髋关节置换	全髋关节置换
腹腔镜下肾囊肿去顶术(腹腔镜下右肾囊肿去顶减压术)	腹腔镜下肾囊肿去顶术
腰2椎体骨折内固定装置取出术。	脊柱内固定装置去除术
左侧甲状腺全切＋右侧甲状腺部分切除术	单侧甲状腺切除伴他叶部分切除术
右侧甲状腺腺叶切除术+峡部切除术	单侧甲状腺切除伴他叶部分切除术
右跟腱缝合术	肌腱修补术
左侧额顶部慢性硬膜下血肿钻孔引流术。	硬脑膜下钻孔引流术
左侧胸壁巨大肿物切除术	胸壁病损切除术
右陶瓷-聚乙烯髋关节置换	全髋关节置换
肺穿刺术	肺穿刺
(左侧)肾部分切除术((55.4001))	部分肾切除术
侧脑室占位切除术	侧脑室病损切除术
右侧前交通动脉瘤栓塞术	经导管颅内动脉瘤栓塞术
支撑喉镜+内窥镜下双侧声带息肉摘除术	内镜下声带病损切除术
左侧甲状腺切除	单侧甲状腺叶切除术
内镜辅助下支撑喉镜下【】侧声带肿物切除术	内镜下声带病损切除术
胸骨正中劈开，纵隔肿瘤切除术	纵隔病损切除术
CT引导肾造瘘术	肾造口术
三脑室后部肿瘤切除术	第三脑室病损切除术
左乳包块麦默通旋切术	乳房病损局部切除术
股骨头置换	人工股骨头置换术
Miles术	腹会阴直肠切除术
经尿道膀胱肿瘤激光治疗术	经尿道膀胱病损激光烧灼术
改良腭咽成形术	腭咽成形术
电视喉镜下声带息肉摘除术	内镜下声带病损切除术
神经监护内镜辅助双侧甲状旁腺腺瘤切除	腔镜下甲状旁腺病损切除术
L4/5、L5/S1椎间盘造影术	椎间盘造影
后路腰椎椎间盘髓核摘除、动态内固定术。	椎骨内固定术##腰椎髓核切除术
(左侧)全髋关节置换术((81.5101))（施乐辉）	全髋关节置换
经腹左肾根治术，左肾上腺切除术	单侧肾切除术##单侧肾上腺切除术
B超引导下耻骨上膀胱造口导尿管插入术	经皮耻骨上膀胱造口导尿管插入术
经尿道前列腺电切术    手术方式及根据（若术式大于一种）：/	经尿道前列腺切除术（TURP）
左全肺切除，纵隔淋巴结清扫术	全肺切除术伴纵隔淋巴结清扫术
右侧甲状腺切除+峡部切除术	单侧甲状腺切除伴甲状腺峡部切除术
右侧单侧甲状腺切除术	单侧甲状腺叶切除术
胸腔镜下右肺中上叶切除	胸腔镜下肺叶切除术
双乳包块微创旋切术}。	乳房病损局部切除术
右眼翼状胬肉切除联合角膜缘干细胞移植术	胬肉切除术伴角膜移植术
椎骨活检术	椎骨活组织检查
左髋切开复位、骨盆和股骨截骨矫形内固定术	骨盆内固定术##骨盆楔形截骨术##髋脱位开放性复位术##股骨楔形骨切开术
宫颈赘生物摘除术	子宫颈病损切除术
左侧颅骨钻孔硬膜下血肿引流术	颅骨钻孔引流术
后腹腔镜下左侧无功能肾切除术	腹腔镜下单侧肾切除术
腰椎术后内固定物取出术	脊柱内固定装置去除术
床旁锥颅，左侧脑室穿刺引流术	脑池穿刺
外耳道成型术	外耳道成形术
膀胱镜碎石术	经尿道膀胱清除术
经皮心内电生理检查	侵入性电生理测定导管术
TULIP	经尿道(超声)激光诱导前列腺切除术(TULIP)
右侧颈动脉体瘤切除术	颈动脉体瘤切除术
双侧腕管松解术	腕管松解术
右侧甲状旁腺病损切除术	甲状旁腺病损切除术
胸椎椎体成形术	经皮椎骨成形术
腱鞘病损切除术	腱鞘病损切除术
左侧甲状腺叶伴峡部切除术	单侧甲状腺切除伴甲状腺峡部切除术
左第I、II趾截趾术	趾截断术
肝血管瘤切除术	肝病损切除术
人工股骨头置换	人工股骨头置换术
支撑喉镜下CO2激光左声带白斑切除术	内镜下声带病损激光切除术
DSA引导下左侧C5－7脊髓和神经根粘连松解术	脊髓神经根粘连松解术
脑室分流管修正术	脑室分流管修正术
(膀胱镜)前列腺等离子切除术((60.6902))	经尿道前列腺切除术（TURP）
PICC置管	经外周静脉穿刺中心静脉置管术
电吸刮宫术	电吸刮宫术
腹腔镜下特殊肝段切除术	腹腔镜下肝段切除术
右踝内固定取出术	踝关节内固定装置去除术
双侧腕横韧带切开、正中神经松解	正中神经松解术
双侧睾丸活检术	睾丸的诊断性操作
右腕腱鞘囊肿切除术	腱鞘松解术
腰神经根封闭术	脊神经根阻滞术
右侧额颞顶部去骨瓣减压术	颅骨去骨瓣减压术
左肾输尿管软镜碎石术+输尿管支架更换术	经尿道输尿管和肾盂梗阻去除##输尿管支架置换术
右侧上颌神经射频热凝术	颅和周围神经的破坏术
右侧甲状腺腺叶切除术+左侧甲状腺部分切除术	单侧甲状腺切除伴他叶部分切除术
额角穿刺脑室外引流术	颅内穿刺引流术
经后路行“腰1椎骨折经皮穿刺椎体成形术”	经皮椎骨成形术
左侧开颅去骨瓣减压术	颅骨去骨瓣减压术
脑室腹腔分流术+颅骨修补术	颅成形术##侧脑室腹腔内分流术
膀胱镜取石术	经尿道膀胱取石术
颈椎后路椎管内肿物切除术	脊髓或脊膜病损的切除术或破坏术
VATS纵隔肿瘤切除术	胸腔镜下纵隔病损切除术
宫腔镜下诊断性刮宫术	宫腔镜诊断性刮宫术
左足踇趾残端修整术	截断残端的修复术
经皮左房神经节消融术	颅和周围神经的破坏术
介入下下腔静脉滤器植入术	下腔静脉滤器置入术
手助腹腔镜右肾根治术	腹腔镜下单侧肾切除术
双侧颅骨钻孔硬膜下血肿冲洗引流术	颅骨钻孔引流术
神经导航辅助单鼻孔经蝶鞍区占位显微切除术	鞍区病损切除术
前颅底肿瘤显微切除术。	颅底病损切除术
支撑喉镜左侧声带息肉摘除术	内镜下声带病损切除术
腰椎硬膜外封闭术	为镇痛的椎管麻醉药注射
腹腔镜下肾上腺肿瘤切除术（右侧）	腹腔镜肾上腺病损切除术
后路微创经皮球囊扩张椎体成形术	经皮椎体球囊扩张成形术
心包积液经皮穿刺置管引流术	心包穿刺术
经尿道前列腺等离子剜除术	经尿道前列腺切除术（TURP）
输尿管镜碎石取石	经尿道输尿管和肾盂梗阻去除
(膀胱镜)前列腺等离子切除术+膀胱镜下钬激光碎石术	经尿道膀胱激光碎石术##经尿道前列腺切除术（TURP）
导航内镜下经鼻蝶垂体瘤切除术	经蝶骨垂体病损切除术
神经内镜下鞍区肿瘤切除术	鞍区病损切除术
右大腿中段截肢术	大腿截断术
L4/5、L5/S1腰椎间盘造影术	椎间盘造影
经皮穿刺椎体成形术	经皮椎骨成形术
左肱骨髁上截骨矫形内固定术	肱骨内固定术##肱骨缩短手术
左额部入路颅内占位性病变切除术	经额脑病损切除术
经椎弓根腰1椎体内固定术	椎骨内固定术
踝关节脱位切开复位术	踝脱位开放性复位术
VATS，右肺下叶楔形切除术	胸腔镜下肺楔形切除术
全髋关节置换DAA	全髋关节置换
智能臂辅助经腹腹腔镜肾盂输尿管离断成形术	腹腔镜下肾盂输尿管成形术
左肾癌根治性切除	单侧肾切除术
右眼泪囊鼻腔吻合术	泪囊鼻腔吻合术[DCR]
右膝关节切开松解术	膝关节松解术
右下肢大隐静脉高位结扎抽剥	大隐静脉高位结扎和剥脱术
显微支撑喉镜下声带息肉摘除术	支撑喉镜下声带显微缝合术
左面神经微血管神经减压术((04.4203))	面神经微血管减压术
肩胛骨病损切除术	肩胛骨病损切除术
双侧大隐静脉高位结扎＋剥脱术	大隐静脉高位结扎和剥脱术
(左侧)髌骨切开复位内固定	髌骨骨折切开复位内固定术
显微镜下支撑喉镜声带息肉切除术（左）	支撑喉镜下声带显微缝合术
颅骨整形术	颅成形术
左甲状腺腺叶切除术	单侧甲状腺叶切除术
舌系带修整术	舌系带整形术
正中开胸胸腺切除术	胸腺切除术
子宫下段剖宫产术+盆腔粘连松解术+手取胎盘术。	低位子宫下段剖宫产##盆腔粘连松解术##手法取出滞留的胎盘
立体定向请颅内血肿清除术	颅内血肿清除术
椎体部分切除术	椎骨部分切除术
右足拇趾截趾术	趾截断术
和方式：子宫下段剖宫产术	低位子宫下段剖宫产
耻骨上膀胱切开取石	膀胱切开取石术
(腹腔镜)腹腔镜下子宫肌瘤切除术	腹腔镜子宫病损切除术
左侧腹腔镜下肾上腺病损切除术	腹腔镜肾上腺病损切除术
左甲状旁腺切除	甲状旁腺部分切除术
四脑室肿瘤切除术	第四脑室病损切除术
右侧全髋关节置换术（Depuy）	全髋关节置换
经后路腰5/骶1椎间盘髓核摘除术。	腰椎髓核切除术
右下甲状旁腺腺瘤切除术	甲状旁腺病损切除术
后腹腔镜下左肾上腺囊肿去顶减压术	腹腔镜下肾囊肿去顶术
左额顶慢性硬膜下血肿钻孔引流术	硬脑膜下钻孔引流术
后腹腔镜下肾上腺切除术（右）	腹腔镜单侧肾上腺切除术
右颞顶硬膜外血肿清除术	颅内血肿清除术
左环指切开复位内固定术	指骨骨折切开复位内固定术
膀胱镜下拔除DJ管	膀胱镜D-J管取出术
左输尿管整形术+输尿管膀胱再植术	输尿管膀胱吻合术##输尿管成形术
侧脑室--腹腔分流术	侧脑室腹腔内分流术
显微喉镜下右侧声带囊肿切除术	支撑喉镜下声带显微缝合术
右侧先天性拇指多指畸形切除整复术	上肢截断术
颅骨去骨瓣减压术	颅骨去骨瓣减压术
腹腔镜下右侧肾上腺瘤切除术	腹腔镜肾上腺病损切除术
DSA引导下左侧T2-4肋间神经阻滞术	肋间神经阻滞术
右髂动脉支架植入术	髂动脉支架置入术
滤帘切除术[小梁切除术]	外路小梁切除术
输尿管腔内碎石术（右）	经尿道输尿管和肾盂梗阻去除
胸主动脉夹层腔内隔绝术	胸主动脉移植物的血管内植入术
右侧甲状腺全切除术+左侧甲状腺部分切除术	单侧甲状腺切除伴他叶部分切除术
左枕下乙状窦后入路脑膜瘤切除术	脑膜病损切除术
左颞开颅脑肿瘤切除术	脑病损切除术
左肾上腺转移瘤微波消融术	肾上腺病损切除术
胸腔镜下右下肺结节切除术	胸腔镜下肺病损切除术
内镜下等离子射频辅助下腺样体、双侧扁桃体部分切除术	扁桃体部分切除伴腺样体切除术
支撑喉镜下声带病损切除术	内镜下声带病损切除术
尿道下裂成形术	尿道下裂修补术
脑室分流管探查术	脑室分流管探查术
左眼经巩膜睫状体光凝术。	睫状体光凝固法
双侧支撑喉镜下声带病损切除术	内镜下声带病损切除术
悬吊喉镜下声带肿物摘除术	内镜下声带病损切除术
右侧大脑中动脉动脉瘤显微夹闭术。	大脑中动脉瘤夹闭术
经腹左肾上腺肿瘤切除术	肾上腺病损切除术
支撑喉镜下显微镜下双侧声带息肉切除术	支撑喉镜下声带显微缝合术
胸腔镜下左上肺叶切除术。	胸腔镜下肺叶切除术
面隐窝入路面神经减压术	面神经减压术
胸腔镜第四胸交感经干并第二三四交感神经旁路纤维切断术	胸腔镜下交感神经切断术
胸壁血管瘤切除术	胸壁病损切除术
支撑喉镜下CO2激光辅助声带肿物切除术	内镜下声带病损激光切除术
踝关节骨折切开复位术	踝关节骨折切开复位术
后腹腔镜下肾上腺部分切除术(左侧)	腹腔镜肾上腺部分切除术
支撑喉镜下喉乳头状瘤切除术	支撑喉镜下喉病损切除术
胸腔镜下双侧胸3交感神经干切断术	胸腔镜下交感神经切断术
左侧三叉神经微血管减压	三叉神经微血管减压术
胸椎后路内固定物取出术	脊柱内固定装置去除术
大隐静脉高位结扎剥脱术	大隐静脉高位结扎和剥脱术
3D腹腔镜辅助dixon术	腹腔镜下直肠前切除术
了右侧额颞顶部颅骨钻孔引流术	颅骨钻孔引流术
膀胱镜下膀胱结石碎石术	经尿道膀胱清除术
阴茎全部切除术	阴茎全部切除术
左上肢动静脉造瘘术,为肾透析	为肾透析，动静脉吻合术
交通性脑积水腰大池-腹腔分流术	脊髓蛛网膜下-腹腔分流术
左侧颈动脉体瘤切除术。	颈动脉体瘤切除术
双侧开颅去骨瓣减压术	颅骨去骨瓣减压术
第四脑室占位显微切除术	第四脑室病损切除术
经导管室间隔缺损封堵术	室间隔缺损闭式封堵术
心脏电生理检查	侵入性电生理测定导管术
下颌骨骨折闭合复位术。	下颌骨骨折闭合性复位术
左侧人工全髋关节置换术（Zimmer 陶对陶）	全髋关节置换
前列腺放射性粒子植入术	前列腺放射性粒子置入术
双侧肾上腺肿瘤切除术	肾上腺病损切除术
经支撑喉镜左声带肿物切除术	内镜下声带病损切除术
双叶甲状腺全切除术	甲状腺全部切除术
左小指断指再植术	手指断指再植术
中心静脉穿刺置管术	静脉导管插入术
左侧发育性髋关节脱位术后内固定取出术	骨盆内固定装置去除术
左侧三叉神经射频消融术	三叉神经射频消融术
导航下右额叶占位切除术	额叶病损切除术
右侧大脑镰脑膜病损切除术	脑膜病损切除术
右下胸壁肿块切除术	胸壁病损切除术
TUR-P、耻骨上膀胱切开取石术	膀胱切开取石术##经尿道前列腺切除术（TURP）
右下肺楔形切除术	肺楔形切除术
右股骨髁上截肢术	膝上截断术
(其他微创)三尖瓣成形术((35.1402))	三尖瓣成形术
股骨螺钉内固定术	股骨内固定术
左人工全髋关节置换术（施乐辉黑晶）	全髋关节置换
外阴病灶切除术	外阴病损切除术
左侧肾上腺肿瘤切除术	肾上腺病损切除术
脑脓肿穿刺引流术	颅内穿刺引流术
支撑喉镜下CO2激光左声带新生物切除术	内镜下声带病损激光切除术
胸壁清创缝合术(34.7101)	胸壁清创缝合术
髋关节内固定物取出术	骨盆内固定装置去除术
腹腔镜肾上腺肿瘤切除术（左）	腹腔镜肾上腺病损切除术
前列腺癌近距离放射治疗（前列腺癌粒子植入术）	前列腺放射性粒子置入术
喉镜下会厌囊肿切除术	内镜下会厌病损切除术
胸腔镜下胸交感神经切除术	胸交感神经切除术
人工耳蜗植入术	人工耳蜗置入术
右肾探查，右肾根治性切除术	肾探查术##单侧肾切除术
经显微镜右侧基底节区脑内血肿清除术	脑血肿切开引流术
腹主动脉瘤覆膜支架腔内隔绝术	腹主动脉覆膜支架腔内隔绝术
肾癌根治切除术	单侧肾切除术
左侧甲状腺大部切除术	甲状腺大部切除术
扁桃体病损切除术	扁桃体病损切除术
双侧甲状腺叶大部切除术。	甲状腺病损切除术
舌系带矫治术	舌系带整形术
头静脉-桡动脉内瘘吻合术	为肾透析，动静脉吻合术
支撑喉镜下会厌囊肿摘除术	内镜下会厌病损切除术
右股骨头髓芯减压、异体腓骨植入术	股骨减压术##腓骨切除术用作移植物##股骨移植术
右甲状腺腺叶、左甲状腺部分切除术	单侧甲状腺切除伴他叶部分切除术
左侧三叉神经半月神经节球囊压迫术	颅和周围神经的破坏术
经皮肾镜取石术（右侧）	经皮肾镜取石术
经胸房间隔缺损封堵术	房间隔缺损闭式封堵术
支撑喉镜下左声带息肉切除术。	内镜下声带病损切除术
左甲状腺切除，右甲状腺部分切除术	单侧甲状腺切除伴他叶部分切除术
经鼻蝶窦垂体腺瘤切除术	经蝶骨垂体病损切除术
右锁骨下静脉输液港置入术	静脉输液港植入术
CT引导下半月神经节温控射频热凝术	三叉神经半月节射频热凝术
膀胱镜下膀胱结石碎石取石术	经尿道膀胱取石术##经尿道膀胱清除术
腰椎骨折后路微创椎体成形术	经皮椎骨成形术
胸壁结节切除术	胸壁病损切除术
左侧脑室Ommaya囊置入外引流术	脑室Ommaya泵置入术
左锁骨内固定物取出术	锁骨内固定装置去除术
VATS肺大泡切除术	胸腔镜下肺大疱切除术
左甲状旁腺腺瘤切除术	甲状旁腺病损切除术
经鼻蝶垂体瘤切除术	经蝶骨垂体病损切除术
前交通动脉瘤微弹簧圈栓塞术	经导管颅内血管弹簧圈栓塞术
左侧锁骨骨折锁骨钩钢板内固定术	锁骨内固定术
右侧腮腺肿物及浅叶切除术+面神经解剖术	面神经解剖术##腮腺病损切除术##腮腺叶切除术
阴茎延长术(阴茎畸形整复术)	阴茎延长术
经骶管神经根松解术	颅和周围神经粘连的松解术和减压术
宫腔镜检查+诊刮	宫腔镜诊断性刮宫术
前交叉韧带重建术	膝关节前交叉韧带重建术
VATS全胸腺切除术	胸腔镜下胸腺全部切除术
右乙状窦后入路三叉神经微血管减压术	三叉神经微血管减压术
经尿道膀胱病损电切术(膀胱肿瘤)	经尿道膀胱病损切除术
侧脑室外引流术	颅外脑室分流术
左肾部分切除术	部分肾切除术
右肾盂切开取石术	肾盂切开取石术
宫颈锥切+颈管搔刮术	子宫颈锥形切除术##子宫颈管搔刮术
支撑喉镜下声带肿物切除术（右）	内镜下声带病损切除术
(腹腔镜)腹腔镜下直肠MILES术	腹腔镜下腹会阴直肠切除术
右侧经尿道输尿管镜下J管置入术	经尿道输尿管支架置入术
右翼点入路后交通动脉瘤夹闭术	后交通动脉瘤夹闭术
左额颞开颅翼点入路鞍结节脑膜瘤显微切除术	脑膜病损切除术
右声带肿物切除术	声带病损切除术
活体亲属供肾移植术+腹透管拔除术	腹膜透析管去除##肾异体移植术##与供者有血缘关系的活体移植
耳廓肿物切除术	外耳病损切除术
神经内镜经鼻蝶入路垂体腺瘤切除术	经蝶骨垂体病损切除术
支撑喉镜下声带息肉切除术	内镜下声带病损切除术
内镜逆行胰胆管造影术（ERCP）	内镜逆行胰胆管造影[ERCP]
支撑喉镜下右侧声带囊肿摘除术	内镜下声带病损切除术
经尿道膀胱活检术	闭合性[经尿道]膀胱活组织检查
髌骨骨折切开复位张力带钢丝内固定术	髌骨骨折切开复位内固定术
右乳区段切除+术中冰冻	乳房病损局部切除术
右眼白内障超声乳化+人工晶体植入术	置入人工晶状体##白内障晶状体乳化和抽吸
舌系带过短矫正术	舌系带整形术
左额颅骨钻孔减压术(硬膜下血肿外引流)	硬脑膜下钻孔引流术
髋关节造影	髋关节造影
剖右胸右肺下叶楔形切除术	肺楔形切除术
腹腔镜肝囊肿开窗引流术	腹腔镜下肝囊肿开窗引流术
右甲状腺叶切除 左甲状腺部分切除术	单侧甲状腺切除伴他叶部分切除术
左侧前哨淋巴结活检术	前哨淋巴结活组织检查
经尿道前列腺等离子电切术	经尿道前列腺切除术（TURP）
心包穿刺置管术。	心包穿刺术
鼻咽活检术	鼻咽活组织检查
肾动脉支架术	肾动脉支架置入术
股骨外固定架去除术	股骨外固定装置去除术
cVATS单操作孔左上肺部分切除术	胸腔镜下肺叶部分切除术
经尿道输尿管镜气压弹道碎石术	经尿道输尿管/肾盂气压弹道碎石术
股骨髁上骨牵引术	股骨髁上牵引
甲状腺全叶切除术	甲状腺全部切除术
掌腱膜挛缩松解术	掌腱膜挛缩松解术
甲状腺左叶全切除，右叶次全切除术	单侧甲状腺切除伴他叶部分切除术
VATS下右肺下叶楔形切除术	胸腔镜下肺楔形切除术
侧脑室穿刺外引流术	脑池穿刺
腘动脉球囊扩张成形术	腘动脉球囊血管成形术
腰椎椎管内占位切除术	脊髓或脊膜病损的切除术或破坏术
髌骨内固定装置去除术	髌骨内固定装置去除术
左股骨转子间骨折闭合复位PFNA内固定术（大博公司）	股骨骨折闭合性复位术伴内固定
右侧乙状窦后入路面神经微血管减压术	面神经微血管减压术
股骨钢板内固定术	股骨内固定术
右侧硬脑膜外血肿清除术	颅内血肿清除术
左全髋置换术（Zimmer）	全髋关节置换
左小指内固定物取出术	指骨内固定装置去除术
左侧声带息肉切除术	声带病损切除术
左甲状腺及峡部全切除术	单侧甲状腺切除伴甲状腺峡部切除术
经尿道前列腺电切术(电切法)	经尿道前列腺切除术（TURP）
左DDH术后取内固定	骨盆内固定装置去除术
右侧慢性硬膜下血肿钻颅引流术	颅骨钻孔引流术
大脑开颅颅内血肿清除术	颅内血肿清除术
左侧输尿管镜检查+碎石术	经尿道输尿管和肾盂梗阻去除##输尿管镜检查
胸椎骨折椎体成形术	经皮椎骨成形术
输尿管插管术	输尿管导管插入术
肋骨部分切除术	肋骨部分切除术
经皮锁骨下动脉支架置入术	锁骨下动脉支架置入术
腹腔镜下左肾上腺部分切除术	腹腔镜肾上腺部分切除术
大脑开颅左额叶占位病变切除术	额叶病损切除术
神经内镜经鼻蝶垂体腺瘤切除术	经蝶骨垂体病损切除术
膀胱全切术+回肠膀胱术	小肠段分离术##根治性膀胱切除术##可控回肠膀胱术
局麻下行“慢性硬膜下血肿钻孔引流术”	硬脑膜下钻孔引流术
经皮胆道镜下取石术	胆道镜下胆管取石术
左侧输尿管镜探查+D-J管留置术	经尿道输尿管支架置入术##输尿管镜检查
左侧坐骨囊肿切除术	骨盆病损切除术
支撑喉镜下二氧化碳激光双侧声带息肉切除术	内镜下声带病损激光切除术
支撑喉镜下左侧声带息肉切除术	内镜下声带病损切除术
后纵隔肿瘤切除术。	纵隔病损切除术
腹腔镜下肾肿瘤根治术（右侧）	单侧肾切除术
侧脑室病损切除术	侧脑室病损切除术
胸腔镜下右侧肺大泡切除术	胸腔镜下肺大疱切除术
支撑喉镜下会厌囊肿切除术。	内镜下会厌病损切除术
电子喉镜下声带新生物摘除术	内镜下声带病损切除术
正中劈胸骨胸腺瘤切除术	胸腺病损切除术
经会阴肛门成形	经会阴肛门成形术
双侧扁桃体剥离术	扁桃体切除术不伴腺样增殖体切除术
精索鞘膜积液切除术	精索鞘膜积液切除术
胸腔镜前纵隔病变切除术	胸腔镜下纵隔病损切除术
经额脑病损切除术	经额脑病损切除术
支撑喉镜下喉息肉摘除术	支撑喉镜下喉病损切除术
右颞叶脑内血肿清除术	经颞叶脑血肿清除术
左侧经皮肾穿刺造瘘术	肾造口术
腹腔镜右肾上腺肿瘤切除	腹腔镜肾上腺病损切除术
右翼点入路大脑中动脉动脉瘤夹闭术	大脑中动脉瘤夹闭术
支撑喉镜下左声带囊肿切除术	内镜下声带病损切除术
支撑喉镜下双侧声带息肉切除术。	内镜下声带病损切除术
左侧经皮肾镜碎石术（PCNL）+D-J管留置	经皮肾镜碎石术（PCNL）##经皮肾镜输尿管支架置入术
额叶胶质瘤切除术	额叶病损切除术
胸腔穿刺	胸腔穿刺术
右侧尺神经减压术。	尺神经松解术
腹腔镜下右侧卵巢囊肿剥除术	腹腔镜卵巢病损切除术
胸骨正中劈开前纵隔肿物切除术	纵隔病损切除术
支撑喉镜下CO2激光声带病损切除术	内镜下声带病损激光切除术
右侧腕管正中神经松解术	正中神经松解术
神经电生理监测下右翼点锁孔开颅动脉瘤夹闭术+颅骨成形术	颅成形术##钳夹动脉瘤
左侧输尿管镜狭窄段高压球囊扩张术	输尿管扩张术
右下肢腘窝囊肿切除术	腘窝囊肿切除术
髂静脉支架植入术	周围（非冠状的）血管非药物洗脱支架置入
腰后路经皮椎弓根螺钉内固定术	经皮椎弓根钉内固定术
腹腔镜左肾根治术	腹腔镜下单侧肾切除术
大隐静脉高位结扎+大隐静脉点式剥脱术	大隐静脉高位结扎和剥脱术
子宫颈LEEP术	子宫颈环形电切术
舌系带过短延长术	舌系带整形术
左附睾肿物切除术	附睾病损切除术
椎间孔镜辅助下L4/5突出间盘切除术	内镜下腰椎间盘切除术
腹腔镜下左侧肾上腺病损切除术	腹腔镜肾上腺病损切除术
左股骨转子间骨折闭合复位PFNA内固定术（理贝尔）	股骨骨折闭合性复位术伴内固定
面神经吻合术	面神经吻合术
(腹腔镜)腹腔镜检查术((54.2101))	腹腔镜检查
子宫肌瘤剥除术	子宫肌瘤切除术
截趾术	趾截断术
胸主动脉腔内隔绝术	胸主动脉移植物的血管内植入术
扩大去骨瓣减压术	颅骨去骨瓣减压术
右跟骨骨牵引术	跟骨牵引术
双侧跟腱延长术	肌腱延长术
椎间孔镜下神经根松解减压术	颅和周围神经粘连的松解术和减压术
切开内固定物取出术	骨置入装置去除
右中肺叶切除术	肺叶切除术
左肺上叶肿物切除术	肺病损切除术
左侧支撑喉镜下声带息肉显微切除术	支撑喉镜下声带显微缝合术
颈脊神经卡压松解术	颅和周围神经粘连的松解术和减压术
(腹腔镜)腹腔镜下脾切除术((41.5002))	腹腔镜全脾切除术
分娩流产后刮宫术	分娩后刮宫术
嗅沟脑膜瘤切除术	脑膜病损切除术
埋藏式单腔心脏起搏器安置术	单腔永久起搏器置入术
肾囊肿去顶减压术	肾囊肿去顶术
永久性心脏双腔起搏器植入术	双腔永久起搏器置入术
左侧甲状旁腺瘤切除术	甲状旁腺病损切除术
右腓骨上段切除术	腓骨部分切除术
胃部分切除术	胃部分切除术
右额部镰旁脑膜瘤切除术	脑膜病损切除术
后交通动脉瘤夹闭术	后交通动脉瘤夹闭术
腰椎体成形术（修补术）	经皮椎骨成形术
支撑喉镜下行右侧声带息肉切除术	内镜下声带病损切除术
左甲状腺癌根治术（左甲全切+右甲次全切除术）	单侧甲状腺切除伴他叶部分切除术
上颌骨部分切除术	上颌骨部分切除术
脊柱后路内固定取出术	脊柱内固定装置去除术
左大隐静脉高位截扎剥脱术	大隐静脉高位结扎和剥脱术
颞叶切除术	颞叶切除术
右叶甲状腺全切+左叶甲状腺部分切除术	单侧甲状腺切除伴他叶部分切除术
输尿管支架管置换术	输尿管支架置换术
右尺神经前置术	尺神经移位术
胸腔镜下左上肺楔形切除术	胸腔镜下肺楔形切除术
内镜辅助支撑喉镜下会厌囊肿切除术	内镜下会厌病损切除术
(左侧)全膝关节置换((81.5401))（施乐辉 Legion）	全部膝关节置换
右侧脑室-心房分流术	脑室心房分流术
胸腔镜辅助左肺大疱切除术	胸腔镜下肺大疱切除术
左侧脑室额角-腹腔分流术	侧脑室腹腔内分流术
经皮穿刺椎体成形术（胸12）	经皮椎骨成形术
右侧甲状腺腺叶+左侧甲状腺次全切除术	单侧甲状腺切除伴他叶部分切除术
支撑喉镜下喉肿物活检术	闭合性[内镜]喉活组织检查
左前交通动脉瘤夹闭术	前交通动脉瘤夹闭术
腮腺病损切除术+腮腺浅叶切除术+面神经解剖术+组织补片间置术	面神经解剖术##腮腺病损切除术##腮腺叶切除术##腮腺脱细胞异体真皮补片修补术
椎旁神经阻滞术	周围神经麻醉药注射，为了镇痛
复发性肩关节脱位修补术	复发性肩脱位的修补术
右甲状腺叶切除+左甲状腺部分切除术	单侧甲状腺切除伴他叶部分切除术
神经内镜下第三脑室底造瘘术	神经内镜第三脑室造口术
经右股静脉行下腔静脉永久滤器置入术	下腔静脉滤器置入术
跟腱修复术	肌腱修补术
左肾根治性切除术	单侧肾切除术
踝关节骨折切开复位钢板内固定术+踝关节骨折切开复位螺钉内固定术	踝关节骨折切开复位内固定术
T12椎体成形术	经皮椎骨成形术
右甲状腺叶切除+左甲状腺叶部分切除术。	单侧甲状腺切除伴他叶部分切除术
右甲状腺叶及峡部切除术。	单侧甲状腺切除伴甲状腺峡部切除术
腹腔镜辅助阴式子宫切除术	腹腔镜辅助阴道子宫切除术(LAVH)
右肱骨病灶活检术	肱骨活组织检查
右睾丸高位切除术	单侧睾丸切除术
外耳病损根治性切除术	外耳病损根治性切除术
左侧颈动脉内膜切除术，颈动脉补片成形术	颈动脉内膜切除伴补片修补术
侧脑室Ommaya囊植入术	脑室Ommaya泵置入术
胸腔镜下交感神经切断术	胸腔镜下交感神经切断术
右侧舌下腺及囊肿摘除术	舌下腺切除术##舌下腺病损切除术
左跟腱断端吻合、长腿石膏托外固定术。	肌腱修补术##石膏托固定术
C臂引导下右侧三叉神经半月神经节射频热凝毁损术。	三叉神经半月节射频热凝术
右侧股骨钢板取出术	股骨内固定装置去除术
甲状旁腺肿瘤切除术	甲状旁腺病损切除术
三叉神经半月节射频热凝术	三叉神经半月节射频热凝术
电视下经尿道膀胱肿瘤电切术	经尿道膀胱病损切除术
CT引导下经皮肺穿刺	肺穿刺
椎管切开髓外硬膜下占位切除术	硬脊膜下病损切除术
左侧高肩胛矫形术	高肩胛症松解术
腹腔镜下右侧肾上腺肿物切除术	腹腔镜肾上腺病损切除术
PICC管取出术	PICC管去除
阴茎部分切除术	阴茎部分切除术
双腕横韧带切开、正中神经松解。	正中神经松解术
腹壁清创术	腹壁清创术
神经内镜下经鼻蝶入路鞍区占位性病变切除术	鞍区病损切除术
供体取肾术+供肾修整术+肾同种异体移植术+膀胱瓣代输尿管术	移植肾修补术##膀胱瓣代输尿管术##肾异体移植术##供肾取肾术
右甲状腺腺叶切除+左甲状腺大部切除术	单侧甲状腺切除伴他叶部分切除术
胸腔镜双侧交感神经干（T3）切断术	胸腔镜下交感神经切断术
输尿管镜下拔管术	去除输尿管造口导管和输尿管导管
(其他微创)c臂x线导引下椎间盘造影术	椎间盘造影
支撑喉镜下喉肿物切取活检术	闭合性[内镜]喉活组织检查
右额脑室钻孔引流术(储液囊安置术)	脑室钻孔引流术
左额钻孔颅内压探头置入术	颅内压监测
左输尿管镜拔管	输尿管导管去除
(鼻-)胃或食管造口术导管置换	(鼻-)胃或食管造口术导管置换
腹腔镜下双侧卵巢囊肿剥除术+盆腔粘连分解术	盆腔粘连松解术##腹腔镜卵巢病损切除术
左甲状腺大部分切除术	甲状腺大部切除术
左侧股骨骨折闭合复位髓内针内固定术（厂家大博）	股骨骨折闭合性复位术伴内固定
面神经次全程减压	面神经减压术
1.选择性肝动脉造影术。	肝动脉造影
右甲状腺全切+峡部切除术	单侧甲状腺切除伴甲状腺峡部切除术
右侧基底节区脑出血钻孔引流术	脑血肿切开引流术
左侧甲状腺全切+右侧甲状腺近全切除术	单侧甲状腺切除伴他叶部分切除术
经支撑喉镜喉良性肿物切除术	支撑喉镜下喉病损切除术
支撑喉镜下会厌肿物摘除术	内镜下会厌病损切除术
腰椎内固定物取出+植骨术	椎骨植骨术##脊柱内固定装置去除术
左甲状腺全切术	单侧甲状腺叶切除术
右侧外翻式颈动脉内膜斑块切除术	颈动脉内膜切除术
胸腔镜下第三胸交感神经干并第三交感神经旁路纤维切断术	胸腔镜下交感神经切断术
电视喉镜下双侧声带新生物摘除术	内镜下声带病损切除术
左甲状腺腺叶切除术。	单侧甲状腺叶切除术
支撑喉显微镜下右侧声带囊肿切除术	支撑喉镜下声带显微缝合术
鼻内镜下鼻腔探查止血术	控制鼻出血
左前交叉韧带重建术	膝关节前交叉韧带重建术
右侧甲状腺全切除术+峡部切除术	单侧甲状腺切除伴甲状腺峡部切除术
神经内镜下经鼻蝶窦垂体腺瘤切除术	经蝶骨垂体病损切除术
左侧甲状腺全切+右侧甲状腺部分切除术	单侧甲状腺切除伴他叶部分切除术
左侧甲状腺切除术	单侧甲状腺叶切除术
永久双腔心脏起搏器植入术	双腔永久起搏器置入术
子宫下段剖宫产术+子宫环形捆绑术。	低位子宫下段剖宫产##子宫捆绑术
左踝关节植骨融合内固定术	踝融合术
多发脑膜瘤切除术	脑膜病损切除术
腔镜下交感神经切断术	胸腔镜下交感神经切断术
经皮髋骨成形术	骨盆成形术
(胸腔镜左侧)胸腔镜下纵隔肿瘤切除术((34.3002))	胸腔镜下纵隔病损切除术
甲状腺右叶切除术。	单侧甲状腺叶切除术
微创硬膜下血肿清除术	脑膜切开伴硬脑膜下腔血肿清除术
经尿道膀胱结石碎石术	经尿道膀胱清除术
肱骨内固定物取出术	肱骨内固定装置去除术
全部膝关节置换(右)	全部膝关节置换
左髋THA术	全髋关节置换
骨肿瘤切开活检术	骨活组织检查
头皮扩张器置入术	头皮扩张器植入术
跟腱修补术	肌腱修补术
支撑喉镜下环杓关节复位术	内镜下环杓关节复位术
右侧甲状腺腺瘤切除术	甲状腺病损切除术
神经内窥镜下经蝶窦鞍区占位切除术	鞍区病损切除术
左甲状腺全切除术+右甲状腺部分切除术	单侧甲状腺切除伴他叶部分切除术
VATS右肺中叶切除术	胸腔镜下肺叶切除术
右侧甲状腺全切除术+左侧甲状腺全切除术	甲状腺全部切除术
经尿道膀胱肿瘤切除术（TURBT）	经尿道膀胱病损切除术
(腹腔镜)腹腔镜下直肠MILES术((48.5009))	腹腔镜下腹会阴直肠切除术
左踝关节切开复位内固定	踝关节骨折切开复位内固定术
左侧海绵窦区硬脑膜动静脉瘘介入栓塞术	动静脉瘘栓塞术
左踝关节骨折内固定拆除术	踝关节内固定装置去除术
支撑喉镜下左侧声带切除术	内镜下声带切除术
输尿管镜下钬激光碎石术（软镜）	经尿道输尿管/肾盂激光碎石术
支持喉镜下显微镜下左侧声带肿物切除术	支撑喉镜下声带显微缝合术
右肾癌根治切除术	单侧肾切除术
肾穿刺引流术	肾穿刺引流术
右侧喉镜下声带病损切除术	内镜下声带病损切除术
左甲状腺腺叶切除术+右甲状腺部分切除术	单侧甲状腺切除伴他叶部分切除术
双侧乳头内陷矫正术	乳头成形术
右侧扁桃体肿物切除术	扁桃体病损切除术
左侧面神经松解减压术	面神经微血管减压术
左翼点入路后交通动脉瘤夹闭术	后交通动脉瘤夹闭术
锁骨内固定物取出术	锁骨内固定装置去除术
经皮肾穿刺活检术	肾穿刺活组织检查
右侧睾丸肿瘤切除术	睾丸病损切除术
左锁骨骨折切开复位钢板内固定	锁骨骨折切开复位内固定术
双侧睾丸鞘膜翻转术	睾丸鞘膜翻转术
胸腔镜下双侧交感神经干切断术（T3水平）	胸腔镜下交感神经切断术
介入下下腔静脉滤器置入术	下腔静脉滤器置入术
支撑喉镜下左侧声带囊肿切除术	内镜下声带病损切除术
经尿道膀胱肿瘤整块切除术（BT-ESD）	经尿道膀胱病损切除术
指骨内固定物取出术	指骨内固定装置去除术
牙槽突裂修复术+髂骨取骨术	牙槽嵴裂植骨术##髂骨切除术用作移植物
腰1椎体成型术	经皮椎骨成形术
c臂x线导引下椎间盘造影术	椎间盘造影
骨活检术((77.4001))	骨活组织检查
胸腔镜双侧交感神经切断术	胸腔镜下交感神经切断术
右膝表面置换术	全部膝关节置换
右胫骨内固定取出术	胫骨内固定装置去除术
经右侧鼻孔蝶窦入路垂体瘤切除术	经蝶骨垂体病损切除术
经尿道TURP术	经尿道前列腺切除术（TURP）
惠普尔氏术[根治性胰十二指肠切除术]	根治性胰十二指肠切除术
左足截趾术	趾截断术
大脑开颅右侧额叶占位性病变切除术	额叶病损切除术
肝右叶占位切除术	肝病损切除术
右侧髂静脉支架置入术	周围（非冠状的）血管非药物洗脱支架置入
鼻内窥镜增殖体刨削术	内镜下腺样体切除术
右眼PHACO、IOL植入、硅油取出术	置入人工晶状体##白内障晶状体乳化和抽吸##玻璃体硅油取出术
跟腱缝合术	肌腱修补术
外阴肿物切除术	外阴病损切除术
大脑开颅鞍结节脑膜瘤切除术	脑膜病损切除术
右侧甲状腺良性肿瘤切除术。	甲状腺病损切除术
大脑开颅脑膜瘤切除术大脑开颅颅内肿瘤切除术	脑膜病损切除术
大隐静脉高位结扎＋点式剥脱术	大隐静脉高位结扎和剥脱术
左眼穿透性角膜移植术	角膜移植
1.包皮环切术.2.阴茎病损切除术.3.阴茎延长术，4，阴茎矫直术5，阴茎建造术	阴茎矫直术##包皮环切术##阴茎延长术##阴茎病损切除术
右髂动脉支架置入术	髂动脉支架置入术
腹膜后镜左肾上腺肿瘤切除术	腹腔镜肾上腺病损切除术
左甲状腺全切除术+峡部切除术	单侧甲状腺切除伴甲状腺峡部切除术
L2椎体骨折切开复位内固定术	腰椎骨折切开复位内固定术
右侧三叉神经MVD	三叉神经微血管减压术
经尿道前列腺汽化电切	经尿道前列腺气化电切术[TEVAP手术]
右股骨颈骨折闭合复位空心螺钉内固定术（史赛克公司）	股骨骨折闭合性复位术伴内固定
腰椎板切除减压术	椎板切除减压术
右半侧泌尿系切除术	肾输尿管切除术
尿道息肉切除术	尿道病损切除术
显微支撑喉镜下双侧声带息肉切除术	支撑喉镜下声带显微缝合术
皮肤和皮下组织活检术	皮肤和皮下组织的活组织检查
经皮胸12椎体后凸成型术	经皮椎体增强
双声带切除术	声带切除术
腰椎椎板切除减压+腰椎间盘切除伴全椎板切除+椎弓根内固定术+后入路腰椎融合术+神经减压术+椎管探查术+2-3块椎骨融合+钛合金脊柱融合物置入术+腰椎植骨术	椎板切除减压术##2-3个椎骨融合或再融合##腰椎椎体间融合术，后入路##腰椎间盘切除术##脊神经根减压术##椎管探查术##椎体脊椎融合装置的置入
右肺中上叶切除术	肺叶切除术
左足三关节融合术	三关节固定术
左髌骨内固定装置取出术	髌骨内固定装置去除术
经皮肾镜取石术,I期（右侧）	经皮肾镜取石术
右侧原切口入路颅骨修补术	颅成形术
经皮肾镜输尿管结石激光碎石术	经皮肾镜激光碎石术
右侧肾上腺肿瘤切除术	肾上腺病损切除术
腹腔镜下单侧肾切除术(左肾)	腹腔镜下单侧肾切除术
刮宫术	子宫扩张和刮宫术
冠状动脉支架术	去除冠状动脉梗阻和支架置入
左额颞顶去骨瓣减压术	颅骨去骨瓣减压术
开颅额叶肿瘤切除术	额叶病损切除术
前交通动脉瘤弹簧圈栓塞术	经导管颅内血管弹簧圈栓塞术
胸12、腰1椎体成形术	经皮椎骨成形术
左锁骨下动脉支架成形术	锁骨下动脉支架置入术
侧脑室－腹腔分流术	侧脑室腹腔内分流术
右甲状腺全切除术+左甲状腺次全切除术	单侧甲状腺切除伴他叶部分切除术
经皮椎体成形术（山东冠龙）	经皮椎骨成形术
阴茎延长术(隐匿性阴茎矫正术)	阴茎延长术
双眼睑板腺囊肿刮除术	睑板腺囊肿切除术
下胫腓联合螺钉取出术	胫骨和腓骨置入装置去除
右后腹腔镜肾上腺肿瘤切除术	腹腔镜肾上腺病损切除术
腰椎神经阻滞术	周围神经麻醉药注射，为了镇痛
漏斗胸NUSS术	漏斗胸畸形矫正术
直肠癌前切除术	直肠前切除术
左侧三叉神经MVD	三叉神经微血管减压术
智能臂辅助经腰腹腔镜右肾部分切除术	腹腔镜下肾部分切除术
尿道会师术	尿道会师术
腹腔镜下阑尾切除术((47.0101))	腹腔镜下阑尾切除术
钛网颅骨修补术	颅骨钛网置入术
经皮穿刺椎体活检术	椎骨活组织检查
左侧胸壁鳃裂瘘切除术	胸壁病损切除术
支撑喉镜下右声带息肉摘除术	内镜下声带病损切除术
右侧侧脑室前角颅内压探头置入术	颅内压监测
支撑喉镜下激光声带肿物切除术	内镜下声带病损激光切除术
左精索囊肿切除术	精索病损切除术
胸腔镜下右肺下叶切除术	胸腔镜下肺叶切除术
后腹腔镜下肾上腺病损切除术	腹腔镜肾上腺病损切除术
颅骨缺损修补术	颅成形术
左顶枕开颅脑内血肿清除术	脑血肿切开引流术
左枕入路肿瘤切除术	脑病损切除术
内镜辅助右侧三叉神经痛微血管减压术	内镜下三叉神经微血管减压术
右膝人工关节表面置换	全部膝关节置换
右全膝置换术（施乐辉）	全部膝关节置换
经右股静脉行下腔静脉临时滤器取出术	下腔静脉滤器取出术
右锁骨下动脉支架成形术	锁骨下动脉支架置入术
经皮穿刺腰1椎体成形术+活检术	椎骨活组织检查##经皮椎骨成形术
支撑喉镜下右声带囊肿显微切除术	支撑喉镜下声带显微缝合术
输尿管镜下尿道狭窄扩张术	尿道扩张
左髋切开复位＋左髋salter骨盆截骨+左股骨旋转截骨＋右股骨、右髂骨内固定取出术	股骨内固定装置去除术##骨盆楔形截骨术##髋脱位开放性复位术##股骨楔形骨切开术
右侧腹腔镜下肾输尿管全长根治性切除术	腹腔镜下单侧肾输尿管切除术
导航下右颞占位切除术	颞叶病损切除术
经皮半月神经节射频热凝术（左、右）	三叉神经半月节射频热凝术
皮肤和皮下组织异物切开取出术	皮肤和皮下组织异物切开取出术
介入下下腔静脉过滤器放置	下腔静脉滤器置入术
腹腔镜左肾根治性切除	腹腔镜下单侧肾切除术
鼻内镜下经蝶垂体瘤切除术	经蝶骨垂体病损切除术
右肾MT根治术	单侧肾切除术
左侧额颞顶部急性硬膜下血肿清除术	脑膜切开术
经皮穿刺球囊扩张椎体后凸成型术	经皮椎体球囊扩张成形术
双侧上颌骨部分切除术	上颌骨部分切除术
鼻窦病损切除术	鼻窦病损切除术
经蝶骨垂体瘤切除术	经蝶骨垂体病损切除术
降主动脉支架植入术	胸主动脉支架置入术
双侧支撑喉镜下声带囊肿显微切除术	支撑喉镜下声带显微缝合术
胸腔镜下右肺下叶肿物楔形切除术	胸腔镜下肺病损切除术
经右颈静脉途径锁骨下输液港置入术	静脉输液港植入术
椎骨球囊扩张成形术	经皮椎体球囊扩张成形术
经皮肾取石术+留置双J管术	经皮肾镜输尿管支架置入术##经皮肾镜取石术
TURP	经尿道前列腺切除术（TURP）
大脑开颅右侧后交通动脉瘤夹闭术	后交通动脉瘤夹闭术
右肩胛骨内固定取出术	肩胛骨内固定装置去除术
乳房植入物取出术	去除乳房植入物
右侧甲状腺切除	单侧甲状腺叶切除术
髌骨内固定物取出术	髌骨内固定装置去除术
输尿管成型术	输尿管成形术
大隐静脉点式剥脱术+大隐静脉高位结扎((38.5903.01+38.5902.01))	大隐静脉高位结扎和剥脱术
锁骨下动脉支架置入术	锁骨下动脉支架置入术
显微支撑喉镜下双侧声带息肉摘除术	支撑喉镜下声带显微缝合术
胸腔镜辅助支气管袖式右肺上叶切除术	肺叶袖状切除术
肋骨占位切除术	肋骨病损切除术
右侧甲状腺腺瘤切除术。	甲状腺病损切除术
经颈静脉肝内门静脉-体静脉分流术[TIPS手术]	门静脉-腔静脉吻合术
左跟腱断裂修复术	肌腱修补术
左侧输尿管置管术	输尿管导管插入术
降主动脉覆膜支架血管植入术	胸主动脉覆膜支架腔内隔绝术
经电子输尿管软镜肾结石钬激光碎石术（左侧）	经尿道输尿管/肾盂激光碎石术
左侧额部脑膜瘤切除术	脑膜病损切除术
支撑喉镜下左声带囊肿显微切除术	支撑喉镜下声带显微缝合术
尿道肉阜切除	尿道病损切除术
肾造瘘术	肾造口术
输精管结扎术	输精管结扎术
甲状腺右叶切除，左叶次全切除术	单侧甲状腺切除伴他叶部分切除术
脑室穿刺术	脑池穿刺
右中下肺叶切除术。	肺叶切除术
左额钻孔脑室钻孔引流术	脑室钻孔引流术
右手拇指腱鞘松解术	手部腱鞘松解术
cVATS右上肺部分切除术	胸腔镜下肺叶部分切除术
双侧乳房缩小成形术	双侧缩小性乳房成形术
上颌骨囊肿刮治术	颌骨囊肿摘除术
化疗泵置入术	化疗泵置入术
腹腔镜右侧肾上腺腺瘤切除术（腹膜后入路）	腹腔镜肾上腺病损切除术
右拇指多指切除术	上肢截断术
左侧经尿道输尿管镜激光碎石术(肾盂\输尿管)	经尿道输尿管/肾盂激光碎石术
双侧输卵管吻合术	输卵管输卵管吻合术
右手示指截指术	手指截断术，拇指除外
腹腔镜下胆囊病损切除术	腹腔镜下胆囊病损切除术
腰椎内固定取出术	脊柱内固定装置去除术
胸腔镜下左肺上叶后段切除术	胸腔镜肺叶节段切除术
支撑喉镜下声带息肉切除术（双）	内镜下声带病损切除术
右侧三叉神经半月节射频热凝术	三叉神经半月节射频热凝术
大隐静脉高位结扎+剥脱术	大隐静脉高位结扎和剥脱术
左侧大脑中动脉动脉瘤开颅夹闭术	大脑中动脉瘤夹闭术
大脑开颅鞍区占位性病变切除术	鞍区病损切除术
腰1椎体压缩性骨折经皮穿刺椎体成形术	经皮椎骨成形术
膀胱镜下拔DJ管术（双侧）	膀胱镜D-J管取出术
经颈部气管肿瘤切除，端端吻合术	气管病损切除术
右侧前颅窝底脑膜瘤切除术	脑膜病损切除术
腔镜下交感神经切断术(双侧胸交感神经)	胸腔镜下交感神经切断术
支撑喉镜下右声带肿物CO2激光切除术	内镜下声带病损激光切除术
双眼内直肌后退术	两条或两条以上眼外肌的后徙术
右侧脑室-腹腔分流术（蛇牌可调压分流管）	侧脑室腹腔内分流术
脑室腹腔转流术	侧脑室腹腔内分流术
右侧跟腱修补术	肌腱修补术
右侧三叉神经微血管减压	三叉神经微血管减压术
子宫肌瘤切除术	子宫肌瘤切除术
右叶甲状腺全切除术	单侧甲状腺叶切除术
显微支撑喉镜下CO2激光右侧声带切除术	内镜下声带切除术
左眼睑肿物切除术	去除眼睑病损
侧脑室腹腔分流术（右V-P分流术）。	侧脑室腹腔内分流术
胆道镜检查术((51.1101))	胆道镜检查术
右侧人工耳蜗置入术	人工耳蜗置入术
左侧甲状腺腺叶切除+右侧甲状腺次全切除术	单侧甲状腺切除伴他叶部分切除术
T8-9椎管内占位切除术	脊髓或脊膜病损的切除术或破坏术
右腕管切开、正中神经松解术	正中神经松解术
直达喉镜下右侧声带新生物摘除术	内镜下声带病损切除术
乳腺改良根治术,单侧	单侧乳腺改良根治术
胸腔镜右肺下叶占位切除术	胸腔镜下肺病损切除术
胸腔镜下交感神经离断术	胸腔镜下交感神经切断术
双侧股骨头减压术	股骨减压术
鼻内窥镜下鼻内病损切除术	内镜下鼻内病损切除术
后颅窝开颅脑膜瘤切除术	脑膜病损切除术
VATS左下肺叶切除楔形切除	胸腔镜下肺楔形切除术
睾丸肿物切除术	睾丸病损切除术
支撑喉镜下声带息肉切除术（右）	内镜下声带病损切除术
宫腔镜检查+子宫内膜活检术	宫腔镜子宫活组织检查
DSA全脑血管造影术	脑血管造影
腰后路腰椎肿瘤切除脊柱重建内固定术	椎骨病损切除术##椎骨内固定术
胸腔镜第三胸交感经干并第二三四交感神经旁路纤维切断术	胸腔镜下交感神经切断术
双侧支撑喉镜下声带结节切除术	内镜下声带病损切除术
ECMO植入术	体外膜氧合[ECMO]
胸腔镜下左上肺占位楔形切除术	胸腔镜下肺病损切除术
支撑喉镜下声带息肉摘除	内镜下声带病损切除术
IABP	主动脉球囊反搏置入术
右输尿管上段切开取石	输尿管切开取石术
经腹子宫下段剖宫产术	低位子宫下段剖宫产
子宫下段剖宫产术+子宫肌瘤切除术	低位子宫下段剖宫产##子宫肌瘤切除术
主动脉-多支冠状动脉搭桥术(4支）	四根或以上冠状动脉的(主动脉)冠状动脉旁路移植
(右侧)甲状腺腺叶（单侧）切除术((06.2002))	单侧甲状腺叶切除术
左侧甲状腺腺叶及峡部切除术	单侧甲状腺切除伴甲状腺峡部切除术
左眼一条眼外肌后徙术	一条眼外肌的后徙术
经皮右肾微造瘘输尿管镜下气压弹道碎石术（PCNL）II期	经皮肾镜碎石术（PCNL）
腹腔镜下右侧肾上腺切除术	腹腔镜单侧肾上腺切除术
椎间盘镜下后入路腰椎间盘切除术+神经减压术+椎管探查术	椎管探查术##腰椎椎体间融合术，后入路##内镜下腰椎间盘切除术
右股骨穿刺活检术	股骨活组织检查
左侧三叉神经减压术	三叉神经微血管减压术
左拇指再造术	拇指再附着
右额脑室钻孔引流术	脑室钻孔引流术
腹膜透析管置入术	腹膜透析管置入术
纵隔切开引流术	纵隔切开引流术
阴道前后壁修补术	阴道前后壁修补术
左侧萎缩睾丸切除术	单侧睾丸切除术
支气管袖式右肺上叶切除术	肺叶袖状切除术
VVI型永久性心脏起搏器植入术（SJM）	单腔永久起搏器置入术
右肾肿瘤根治术	单侧肾切除术
骶骨病损切除术	椎骨病损切除术
PICC	经外周静脉穿刺中心静脉置管术
鼻内镜下鼻骨骨折复位术	鼻骨折闭合性复位术
鼻内镜下脑脊液鼻漏修补术	内镜下脑脊液鼻漏修补术
耳前病损切除术	耳前病损切除术
右甲状旁腺腺瘤切除术	甲状旁腺病损切除术
关节镜下前交叉韧带重建术	关节镜膝关节前交叉韧带重建术
支撑喉镜下左侧声带肿物切除术	内镜下声带病损切除术
右面神经减压术	面神经减压术
颈内动脉海绵窦瘘介入栓塞术	经导管颈内动脉海绵窦瘘栓塞术
左股骨肿瘤刮除植骨内固定术	股骨内固定术##股骨病损切除术##股骨移植术
胸腔镜下经右胸胸腺扩大切除术	胸腔镜下胸腺扩大切除术
左侧甲状腺大部分切除术	甲状腺大部切除术
右侧翼点入路鞍结节脑膜瘤切除术	脑膜病损切除术
右侧天幕脑膜瘤切除术	脑膜病损切除术
左甲状腺肿物切除术	甲状腺病损切除术
右侧蝶骨嵴内侧脑膜瘤切除术	脑膜病损切除术
左侧翼点入路大脑中动脉瘤夹闭术	大脑中动脉瘤夹闭术
降主动脉夹层动脉瘤腔内隔绝术	胸主动脉移植物的血管内植入术
胸腔镜辅助下右肺大疱切除术	胸腔镜下肺大疱切除术
膀胱结石碎石术	经尿道膀胱清除术
断指再植术	肢再附着（复置术）
左膝关节游离体摘除术	膝关节游离体取出术
双腔永久心脏起搏器植入术	双腔永久起搏器置入术
腹主动脉瘤带膜支架腔内隔绝术	腹主动脉覆膜支架腔内隔绝术
双眼下睑内翻倒睫矫正术	睑内翻矫正术
显微镜通道下后入路腰椎间盘摘除术	腰椎间盘切除术
颅骨成形术	颅成形术
膝关节镜下前十字韧带重建术+副韧带修补术	关节镜膝关节前交叉韧带重建术##关节镜膝关节副韧带修补术
腰椎内固定装置取出术	脊柱内固定装置去除术
下颌骨囊肿开窗术	颌骨囊肿开窗引流术
显微镜下支撑喉镜下左侧声带肿物切除术	支撑喉镜下声带显微缝合术
扁桃体切除术（双）	扁桃体切除术不伴腺样增殖体切除术
椎体脊椎融合装置的置入	椎体脊椎融合装置的置入
左侧大脑慢性硬膜下血肿钻孔引流术	硬脑膜下钻孔引流术
宫腔镜检查术+分段诊断性刮宫术	宫腔镜诊断性刮宫术
皮肤和皮下组织切开探查术	皮肤和皮下组织切开术
右膝内固定取出术	骨置入装置去除
右侧额颞顶部硬膜下血肿钻孔引流术	硬脑膜下钻孔引流术
左右心导管及ASD封堵术	房间隔缺损闭式封堵术
皮肤病损切除术	皮肤病损切除术
(膀胱镜)经尿道膀胱电灼术（TURBT）	经尿道前列腺切除术（TURP）
口腔粘膜病损切除术	口腔黏膜病损切除术
左面神经微血管神经减压术	面神经微血管减压术
经输尿管镜弹道碎石术(左侧)	经尿道输尿管/肾盂气压弹道碎石术
经皮肾结石激光碎石取石术	经皮肾镜激光碎石术##经皮肾镜取石术
支撑喉镜下双侧声带白斑摘除术	内镜下声带病损切除术
腔镜下右甲状腺包块切除术。	腔镜下甲状腺病损切除术
腰椎间盘髓核摘除术	腰椎髓核切除术
右踝关节融合术	踝融合术
支撑喉镜喉新生物摘除术	支撑喉镜下喉病损切除术
左侧肾母细胞瘤根治术	单侧肾切除术
神经内镜下鞍区占位切除术	鞍区病损切除术
双侧扁桃体切除	扁桃体切除术不伴腺样增殖体切除术
支撑喉镜下二氧化碳激光声带息肉切除术	内镜下声带病损激光切除术
经皮肾镜钬激光碎石术	经皮肾镜激光碎石术
骶尾部藏毛囊肿切除术	藏毛囊肿切除术
右肾根治	单侧肾切除术
左听神经瘤切除术	听神经瘤切除术
已行手术 经腹子宫下段剖宫产术	低位子宫下段剖宫产
ERC	内镜逆行胆管造影[ERC]
左侧面神经减压术	面神经减压术
右下肢动脉切开取栓术	下肢动脉切开术
趾截断术	趾截断术
经右股静脉行下腔静脉临时滤器置入术	下腔静脉滤器置入术
腰椎压缩性骨折术后内固定取出术	脊柱内固定装置去除术
颅骨凹陷整复术	颅骨骨折复位术
颅骨钛钢片修补术。	颅骨钛板置入术
左侧输尿管镜D-J管留置术	经尿道输尿管支架置入术
腹腔镜辅助下阴式全子宫切除术	腹腔镜辅助阴道子宫切除术(LAVH)
左膝关节镜下半月板部分切除+缝合术	关节镜膝关节半月板部分切除术
经额下入路鞍区肿瘤切除术	鞍区病损切除术
神经导航下右侧脑室腹腔分流术	侧脑室腹腔内分流术
瘢痕子宫下段剖宫产	低位子宫下段剖宫产
左膝关节镜下后十字韧带重建术(异体肌腱)	关节镜膝关节后交叉韧带重建术
多指截指术	上肢截断术
前列腺癌粒子植入术	前列腺放射性粒子置入术
漏斗胸Nuss钢板矫形术	漏斗胸畸形矫正术
(其他微创)导航下经皮穿刺椎体成形术	经皮椎骨成形术
(腹腔镜左侧)腹腔镜下肾上腺部分切除术((07.2903))	腹腔镜肾上腺部分切除术
右锁骨骨折切开复位钢板内固定术+右锁骨骨折切开复位螺钉内固定术	锁骨骨折切开复位内固定术
后路微创经皮椎体成形术	经皮椎骨成形术
右手拇指多指畸形切除术	上肢截断术
腹腔镜下左肾上腺囊肿切除术	腹腔镜肾上腺病损切除术
右侧人工全髋关节置换术	全髋关节置换
硬膜下血肿钻孔引流术	硬脑膜下钻孔引流术
腹腔镜下子宫病损切除术（腹腔镜下子宫肌瘤剔除术）	子宫肌瘤切除术
支撑喉镜下双侧声带小结显微切除术	支撑喉镜下声带显微缝合术
间盘镜下腰4/5、腰5/骶1间盘摘除神经通道松解术	神经根管松解术
室间隔缺损封堵术	室间隔缺损闭式封堵术
双侧大隐静脉高位结扎及点式剥脱术	大隐静脉高位结扎和剥脱术
支撑喉镜下喉部肿物摘除术	支撑喉镜下喉病损切除术
房间隔缺损闭式伞堵术	房间隔缺损闭式封堵术
降主动脉人工血管内支架术	胸主动脉支架置入术
腹膜外剖宫产术	腹膜外剖宫产
左中指断指再植术	手指断指再植术
右腘动脉切开取栓术	腘动脉取栓术
鼻内镜辅助支撑喉镜下双侧声带肿物切除术	内镜下声带病损切除术
甲状腺左侧腺叶＋峡部切除术	单侧甲状腺切除伴甲状腺峡部切除术
支撑喉镜下CO2激光声带白斑切除术	内镜下声带病损激光切除术
左乙状窦后入路面神经血管减压术	面神经微血管减压术
腹腔镜右输尿管上段切开取石	腹腔镜下输尿管切开取石术
移植肾探查术	肾探查术
1.附睾输精管吻合术（双）.2.睾丸病损切除术（双）.3.睾丸鞘膜切除翻转术（双,）4，睾丸固定术（双）	睾丸固定术##附睾输精管吻合术##睾丸鞘膜翻转术##睾丸病损切除术
多囊肾右肾囊肿去顶减压术	肾囊肿去顶术
矢状窦旁脑膜瘤切除术	脑膜病损切除术
右侧甲状腺叶全切除术	单侧甲状腺叶切除术
右上纵隔肿瘤切除术	纵隔病损切除术
腰椎骨折球囊扩张成形术	经皮椎体球囊扩张成形术
经皮三叉神经半月节射频热凝术+经皮上颌神经干射频热凝术	三叉神经半月节射频热凝术##颅和周围神经的破坏术
全膝关节置换术LINK	全部膝关节置换
纤维支撑喉镜激光声带息肉摘除术	内镜下声带病损激光切除术
右面神经微血管减压术	面神经微血管减压术
经腹右肾上腺嗜铬细胞瘤切除术	肾上腺病损切除术
耻骨上膀胱穿刺造瘘术	经皮膀胱造口术
支撑喉镜喉良性肿物切除术	支撑喉镜下喉病损切除术
1.经乙状窦后径路右侧听神经瘤摘除术  2.右腹部取脂术	自体脂肪移植术##经乙状窦后入路听神经瘤切除术
左侧甲状腺加峡部切除术	单侧甲状腺切除伴甲状腺峡部切除术
膀胱镜下双侧输尿管插管术	输尿管导管插入术
腓骨内固定取出术	腓骨内固定装置去除术
左膝关节融合术	膝关节融合术
右侧趾骨截骨术	趾截断术
颈部甲状舌管囊肿摘除术	甲状舌管病损切除术
经输尿管镜异物取出术	经尿道输尿管/肾盂异物取出术
经皮肾造瘘术	肾造口术
Quardrant通道下腰椎后路腰椎间盘摘除+椎管扩大减压神经根松解术	腰椎椎体间融合术，后入路##腰椎间盘切除伴椎管减压术
经尿道前列腺双极等离子体腔内剜除术	经尿道前列腺切除术（TURP）
经皮腰1椎体后凸成型术。	经皮椎体增强
左侧人工全髋关节置换术(后路小切口)	全髋关节置换
左额叶胶质瘤显微切除术	额叶病损切除术
左侧颞叶占位性病变切除术	颞叶病损切除术
左侧甲状旁腺肿瘤切除术	甲状旁腺病损切除术
尿道扩张+输尿管镜检+输尿管支架管置入术	经尿道输尿管支架置入术##输尿管镜检查##尿道扩张
前交通动脉瘤显微夹闭术。	前交通动脉瘤夹闭术
左上肺胸腔镜下肺楔形切除术	胸腔镜下肺楔形切除术
输尿管镜下置管术	输尿管导管插入术
腱鞘切开术	腱鞘切开术
歪鼻畸形矫正术	弯鼻鼻成形术
左侧大脑中动脉瘤夹闭术	大脑中动脉瘤夹闭术
经腹子宫肌瘤剥除术	子宫肌瘤切除术
枕下后正中入路环枕减压术	环枕减压术
支撑喉镜显微镜下双侧声带息肉切除术	支撑喉镜下声带显微缝合术
左大隐静脉高位结扎和剥脱术	大隐静脉高位结扎和剥脱术
支撑喉镜下声带息肉摘除术	内镜下声带病损切除术
右侧经皮心脏射频消融术	经导管心脏射频消融术
右肘管尺神经松解术	尺神经松解术
主要手术名称胸椎椎体成形术	经皮椎骨成形术
右侧肾上腺占位切除术	肾上腺病损切除术
胸腔镜辅助下右肺下叶楔形切除术	胸腔镜下肺楔形切除术
(腹腔镜右侧)腹腔镜下肾囊肿去顶减压术((55.0111))	腹腔镜下肾囊肿去顶术
胸腔镜胸腺肿物切除术	胸腺病损切除术
内镜支撑喉镜下喉肿物切除术	支撑喉镜下喉病损切除术
右侧甲状腺切除伴左叶部分切除术	单侧甲状腺切除伴他叶部分切除术
足截断术	经足截断术
支撑喉显微镜下左侧声带息肉摘除术	支撑喉镜下声带显微缝合术
胸12椎体骨折术后内固定物取出术	脊柱内固定装置去除术
腰椎后路经椎弓根球囊扩张椎体成形术	经皮椎体球囊扩张成形术
支撑喉镜下右侧声带息肉显微切除术	支撑喉镜下声带显微缝合术
左侧左侧甲状腺叶伴峡部切除术	单侧甲状腺切除伴甲状腺峡部切除术
内窥镜下经鼻蝶入路垂体腺瘤切除术	经蝶骨垂体病损切除术
右胫骨上段肿瘤切除术	胫骨病损切除术
右踝关节骨折切开复位内固定术（施乐辉公司）	踝关节骨折切开复位内固定术
睾丸切开取精术	睾丸切开术
左耳鼓室探查术	鼓室探查术
供肾切取术	供肾取肾术
支撑喉镜下声带病损显微切除术	支撑喉镜下声带显微缝合术
胫骨外固定术	胫骨外固定术
胸腔镜下右肺下叶结节楔形切除术	胸腔镜下肺病损切除术
CT引导原发性肝癌射频消融术	CT引导下肝病损射频消融术
左髋切开复位＋左髋salter骨盆截骨+左股骨旋转截骨术	骨盆楔形截骨术##髋脱位开放性复位术##股骨楔形骨切开术
支撑喉镜显微镜下声带息肉切除术	支撑喉镜下声带显微缝合术
腹腔镜下肾上腺肿瘤切除术（左）	腹腔镜肾上腺病损切除术
左侧翼点锁孔入路动脉瘤夹闭术+人工硬脑膜补片修补术+颅骨修补术	颅成形术##钳夹动脉瘤##硬脑膜补片修补术
右甲状腺腺瘤切除术	甲状腺病损切除术
经尿道膀胱镜下膀胱结石钬激光碎石术	经尿道膀胱激光碎石术
腰椎后路微创通道显微镜下神经根松解术	颅和周围神经粘连的松解术和减压术
腹腔镜下袖状胃切除术	腹腔镜垂直（袖状）胃切除术
膀胱阴道瘘修补术	膀胱阴道瘘修补术
降主动脉腔内修复术	胸主动脉移植物的血管内植入术
右侧尺神经前移术	尺神经移位术
左侧正中神经松解术	正中神经松解术
经额钻孔慢性硬膜下血肿冲洗引流术	硬脑膜下钻孔引流术
支撑喉镜下喉良性肿瘤切除术	支撑喉镜下喉病损切除术
左甲状腺腺叶切除+峡部切除术	单侧甲状腺切除伴甲状腺峡部切除术
椎管内置管止痛术	椎管内置管止痛术
右肾探查，右肾根治术	肾探查术##单侧肾切除术
阴道壁肿物切除术	阴道病损切除术
支撑喉镜下双侧声带新生物切除术	内镜下声带病损切除术
子宫下段横切口剖宫产术+盆腔粘连松解术	盆腔粘连松解术##剖宫产术，子宫下段横切口
左额叶病变切除术	额叶病损切除术
乳房部分切除术	乳腺部分切除术
左侧声带肿物切除术	声带病损切除术
右肱骨内固定装置取出术	肱骨内固定装置去除术
右侧颞叶肿瘤显微切除术。	颞叶病损切除术
主动脉-二支冠状动脉搭桥术	二根冠状动脉的(主动脉)冠状动脉旁路移植
胸腔穿刺抽液术	胸腔穿刺抽液术
后颅窝开颅四脑室占位切除术	第四脑室病损切除术
双足内固定物取出术	骨置入装置去除
永久人工心脏起搏器（DDD）植入术	双腔永久起搏器置入术
右侧甲状腺腺叶+左侧甲状腺部分切除术	单侧甲状腺切除伴他叶部分切除术
腹腔镜下膀胱根治性切除术+腹腔镜下附带阑尾切除术+回肠代膀胱术	腹腔镜下膀胱根治切除术##小肠段分离术##腹腔镜下附带阑尾切除术##可控回肠膀胱术
腹部皮瓣断蒂术	带蒂皮瓣断蒂术
左侧基底节区血肿清除术+去骨瓣减压术+颅内压监护探头置入术。	颅骨去骨瓣减压术##颅内压监测##脑血肿切开引流术
侧脑室Ommaya囊置入外引流术	脑室Ommaya泵置入术
鼻内窥镜下咽囊囊肿摘除术	内镜下鼻咽病损切除术
二期经皮肾镜碎石术	经皮肾镜碎石术（PCNL）
胸椎内固定拆除术（T12）	脊柱内固定装置去除术
甲状旁腺切除术+甲状旁腺自体移植术	甲状旁腺切除术
胸腔镜下胸膜活检	胸腔镜胸膜活组织检查
头静脉-桡动脉内瘘吻合术（二次手术）	为肾透析，动静脉吻合术
支撑喉镜下会厌病损切除术	内镜下会厌病损切除术
右侧股骨骨折术后弹性钢针取出术	股骨内固定装置去除术
左甲状腺腺叶+峡部切除术	单侧甲状腺切除伴甲状腺峡部切除术
肾囊肿去顶术	肾囊肿去顶术
右侧胸壁病损切除术	胸壁病损切除术
右眼球摘除术	眼球摘除术
Mathieu尿道成形术	尿道成形术
大脑开颅左侧额叶占位切除术	额叶病损切除术
颈部甲状舌管囊肿切除术	甲状舌管病损切除术
肿瘤介入: 经皮穿刺腹腔神经节阻滞术	腹腔神经阻滞术
右侧乙状窦后入路开颅面神经减压术	面神经减压术
前交通动脉动脉瘤支架辅助介入栓塞术	经导管颅内动脉瘤支架辅助栓塞术
右侧额颞顶部硬膜下血肿外引流术	脑膜切开术
椎管内置管镇痛术	椎管内置管止痛术
腹腔镜右肾上腺瘤切除术	腹腔镜肾上腺病损切除术
左外耳道胆脂瘤清除术	外耳病损切除术
halo-vest架外固定术	Halo-Vest架外固定术
左声带息肉切除术	声带病损切除术
超声引导下移植肾穿刺活检术	肾穿刺活组织检查
右侧脑室额角-腹腔分流术	侧脑室腹腔内分流术
左侧乙状窦后入路面神经微血管减压术	面神经微血管减压术
：经右股静脉行下腔静脉临时滤器取出术	下腔静脉滤器取出术
经鼻蝶窦入路垂体瘤切除术	经蝶骨垂体病损切除术
左肾根治术	单侧肾切除术
三叉神经微创射频温控热凝术	三叉神经半月节射频热凝术
右甲状腺腺叶切除术。	单侧甲状腺叶切除术
[右心导管检查]	右心导管置入
支撑喉镜显微镜下右侧声带肿物切除术	支撑喉镜下声带显微缝合术
锁骨下静脉穿刺中心静脉置管	锁骨下静脉穿刺中心静脉置管术
支撑喉镜下声带肿物激光切除术	内镜下声带病损激光切除术
左大腿髁上截肢术。	大腿截断术
B超磁共振融合引导下经会阴前列腺穿刺活检术	闭合性[经皮][针吸]前列腺活组织检查
右侧脑室－腹腔分流术	侧脑室腹腔内分流术
腔镜下交感神经切断术(双侧胸交感神经切断术)	胸腔镜下交感神经切断术
宫腔镜下宫内节育器取出术	宫腔镜子宫内避孕器取出术
右肩关节脱位切开复位术	肩脱位开放性复位术
剖腹探查止血术	腹腔出血止血术##开腹探查术
Miles'术	腹会阴直肠切除术
尺骨鹰嘴切开复位内固定术	尺骨骨折切开复位内固定术
支撑喉镜下喉息肉切除术	支撑喉镜下喉病损切除术
单侧腹股沟斜疝无张力修补术	单侧腹股沟斜疝无张力修补术
宫颈锥切术+成型术	子宫颈成形术##子宫颈锥形切除术
左后纵隔占位切除术	纵隔病损切除术
支撑喉镜会厌囊肿摘除术	内镜下会厌病损切除术
左尺骨鹰嘴骨折切开复位内固定	尺骨骨折切开复位内固定术
左乳中央象限切除术	乳房象限切除术
VATS右后纵隔肿物切除术	胸腔镜下纵隔病损切除术
经额下入路嗅沟脑膜瘤切除术	脑膜病损切除术
肾镜下左侧双J管取出术	输尿管双“J”管取出术
支撑喉镜下双侧声带肿物活检术	内镜下声带活组织检查术
内窥镜下三脑室造口（瘘）术	神经内镜第三脑室造口术
右侧甲状腺结节切除术	甲状腺病损切除术
右甲状腺腺叶切除、左甲状腺部分切除术	单侧甲状腺切除伴他叶部分切除术
左侧上颌骨囊肿刮治术	颌骨囊肿摘除术
双侧尺神经松解术	尺神经松解术
骶骨部分切除术	椎骨部分切除术
神经内镜下经鼻蝶入路鞍区占位切除术	鞍区病损切除术
右侧副乳切除术	副乳腺切除术
右侧残余甲状腺切除术	残余甲状腺切除术
右股骨粗隆间骨折人工股骨头置换术	人工股骨头置换术
腹腔镜下肾根治性切除术(后腹腔镜下右肾根治性切除术)	腹腔镜下单侧肾切除术
腹腔镜胆囊切除术	腹腔镜下胆囊切除术
大脑开颅左额叶胶质瘤切除术	额叶病损切除术
左额骨骨瘤切除术	颅骨病损的切除术
后正中入路寰枕减压术	环枕减压术
甲状腺腺瘤切除术	甲状腺病损切除术
3D腹腔镜Dixon术	腹腔镜下直肠前切除术
支撑喉镜下右侧声带新生物摘除术	内镜下声带病损切除术
经皮T12椎体球囊扩张后凸成形术	经皮椎体球囊扩张成形术
CT引导下右侧半月神经节射频热凝术	三叉神经半月节射频热凝术
电视下经尿道前列腺激光切除术	经尿道(超声)激光诱导前列腺切除术(TULIP)
VATS右胸前纵隔占位切除术	胸腔镜下纵隔病损切除术
输尿管镜激光碎石术    手术方式及根据（若术式大于一种）：/	经尿道输尿管/肾盂激光碎石术
经皮球囊扩张椎体后突成形术	经皮椎体球囊扩张成形术
皮瓣断蒂术	带蒂皮瓣断蒂术
左侧甲状腺切除+右侧甲状腺次全切除术	单侧甲状腺切除伴他叶部分切除术
(胸腔镜左侧)纵隔肿瘤切除术((34.3003))	胸腔镜下纵隔病损切除术
甲状腺右叶及峡部全切术	单侧甲状腺切除伴甲状腺峡部切除术
经皮室间隔缺损介入封堵术	室间隔缺损闭式封堵术
右侧跟腱断裂缝合术	肌腱修补术
右手环指腱鞘松解术	手部腱鞘松解术
胸腔镜下双侧胸交感神经切断术	胸腔镜下交感神经切断术
右乳癌保乳术	单侧保乳乳腺改良根治术
胸腔镜经左胸左肺上叶部分切除术	胸腔镜下肺叶部分切除术
左股骨颈骨折闭合复位空心钉内固定	股骨骨折闭合性复位术伴内固定
神经导航下右侧颞叶病变显微切除术。	颞叶病损切除术
拔除输尿管支架管	去除输尿管造口导管和输尿管导管
左全髋关节置换	全髋关节置换
I型鼓室成形术	鼓室成形术,I型
膀胱全切术	根治性膀胱切除术
支撑喉镜下CO2激光声带息肉摘除术	内镜下声带病损激光切除术
环枕畸形减压术	环枕减压术
右膝外侧半月板部分切除术	膝半月板部分切除术
鼻内镜下腺样体切除术	内镜下腺样体切除术
左侧乳腺包块切除术+左乳癌改良根治术	单侧乳腺改良根治术##乳房病损局部切除术
(腹腔镜左侧)腹腔镜下肾上腺病损切除	腹腔镜肾上腺病损切除术
左甲状腺叶+峡部切除术	单侧甲状腺切除伴甲状腺峡部切除术
右侧经皮冠状动脉药物洗脱支架置入术	药物洗脱冠状动脉支架置入
肝右叶部分切除术	部分肝切除术
右跟骨牵引术	跟骨牵引术
左侧甲状腺腺叶+峡部切除术	单侧甲状腺切除伴甲状腺峡部切除术
肾动脉超选择栓塞术	经导管肾血管栓塞术
超声引导下右侧经皮肾镜钬激光碎石取石术	经皮肾镜激光碎石术##经皮肾镜取石术
右侧甲状腺切除+左侧甲状腺次全切除术	单侧甲状腺切除伴他叶部分切除术
支撑喉镜下行左声带肿物切除术	内镜下声带病损切除术
胸腰椎内固定拆除术	脊柱内固定装置去除术
原位肝移植术（经典原位式）	原位肝移植
双侧支撑喉镜下声带病损激光烧灼术	内镜下声带病损激光切除术
左甲状腺腺叶切除+右甲状腺大部切除术	单侧甲状腺切除伴他叶部分切除术
肝穿刺活检术	闭合性(经皮)[针吸]肝活组织检查
右跟腱断裂修补术	肌腱修补术
显微镜支撑喉镜下双侧声带息肉切除术	支撑喉镜下声带显微缝合术
经腰右肾部分切除术	部分肾切除术
左拇指腱鞘巨细胞瘤切除术	手腱鞘病损切除术
腹腔镜下肾-输尿管切除术	腹腔镜下单侧肾输尿管切除术
电子喉镜下声带息肉摘除术	内镜下声带病损切除术
输尿管开口囊肿电切除术	输尿管口囊肿切除术
左侧额叶肿瘤切除术	额叶病损切除术
左上肢动脉取栓术	上肢动脉取栓术
局麻监护下L1椎体成形术	经皮椎骨成形术
右侧支撑喉镜下声带病损激光烧灼术	内镜下声带病损激光切除术
支撑喉镜下双声带肿物摘除术	内镜下声带病损切除术
临时性下腔静脉滤器取出术	下腔静脉滤器取出术
移植肾周血肿清除术	肾周血肿清除术
支撑喉镜下声带囊肿切除术	内镜下声带病损切除术
肱骨活检术	肱骨活组织检查
左颈淋巴管结扎术	周围淋巴管结扎术
胫骨病损切除术	胫骨病损切除术
左甲状腺叶切除+右甲状腺叶部分切除术。	单侧甲状腺切除伴他叶部分切除术
右侧髂动脉支架植入术	髂动脉支架置入术
(输尿管（或尿道）镜左侧)输尿管双“J”管取出术((97.6201))	输尿管镜输尿管支架取出术
胸主动脉夹层动脉瘤腔内修复术	胸主动脉移植物的血管内植入术
颅内镜下第三脑室造瘘术	神经内镜第三脑室造口术
左半肝切除术	左半肝切除术
VATS右肺上叶肺大泡切除术	胸腔镜下肺大疱切除术
后腹腔镜右肾上腺肿瘤切除术	腹腔镜肾上腺病损切除术
腰1椎体骨折球囊扩张成形术	经皮椎体球囊扩张成形术
左大隐静脉高位结扎加剥脱术	大隐静脉高位结扎和剥脱术
异体肾移植术((55.6901))	肾异体移植术
右侧胸锁乳突肌离断术	胸锁乳突肌切断术
支撑喉镜声带白斑切除术	内镜下声带病损切除术
左膝关节手法松解术	膝关节松解术
下颌骨颏部骨折切开复位内固定术	下颌骨骨折切开复位内固定术
左、右心导管检查术	联合的右心和左心导管置入
脾脏切除术	全脾切除术
颅骨凹陷性骨折整复术	颅骨骨折复位术
阴茎下弯矫正术+尿道成形术	尿道成形术##阴茎矫直术
支撑喉镜下双声带小结显微切除术	支撑喉镜下声带显微缝合术
腭裂整复术（兰氏法+腭帆提肌重建术）	腭裂矫正术
双侧正中神经松解术。	正中神经松解术
支撑喉镜下右侧喉新生物切除术	支撑喉镜下喉病损切除术
右膝关节异物取出术	膝关节异物取出术
左侧颅骨骨瓣修补术	颅骨瓣形成
胸腔镜左肺上叶占位切除术	胸腔镜下肺病损切除术
经左胸胸腔镜下前纵隔肿物切除术	胸腔镜下纵隔病损切除术
右侧蝶骨嵴脑膜瘤切除术	脑膜病损切除术
腹腔镜肝癌切除术	腹腔镜下肝病损切除术
肾穿刺术	肾穿刺术
左侧支撑喉镜下声带病损切除术	内镜下声带病损切除术
经尿道膀胱肿瘤绿激光汽化+剜除术（PVBt）	经尿道膀胱病损激光烧灼术
左侧甲状腺全切除术＋右侧甲状腺次全切除术	单侧甲状腺切除伴他叶部分切除术
经导管心脏射频消融术	经导管心脏射频消融术
双眼外直肌后徙术	两条或两条以上眼外肌的后徙术
左乳导管剥离+区段切除+术中冰冻	乳房病损局部切除术
左肾结石体外冲击波碎石术	肾体外冲击波碎石术
右侧颅骨钛钢片修补术。	颅骨钛板置入术
支撑喉镜下声带肿物切除术	内镜下声带病损切除术
超声引导下经会阴穿刺前列腺冷冻消融术	经会阴前列腺冷冻切除术
左肩峰成形术	肩峰成形术
右眼上睑肿物切除术	去除眼睑病损
右侧甲状腺叶伴峡部切除术	单侧甲状腺切除伴甲状腺峡部切除术
腰椎后路经皮穿刺椎体成形术	经皮椎骨成形术
膀胱碎石取石术	经尿道膀胱清除术
前上纵隔肿物切除术	纵隔病损切除术
漏斗胸矫正术(胸腔镜下)	胸腔镜下漏斗胸矫正术
颅内血肿硬通道穿刺引流术	颅内穿刺引流术
导航下神经内镜经右单鼻腔-蝶窦入路垂体瘤切除术	经蝶骨垂体病损切除术
右侧肾上腺肿物切除术	肾上腺病损切除术
经鼻-蝶入路垂体腺瘤切除术	经蝶骨垂体病损切除术
左膝关节清创缝合术	膝关节切开术
髂静脉支架置入术	周围（非冠状的）血管非药物洗脱支架置入
基底动脉动脉瘤介入栓塞术	经导管颅内动脉瘤栓塞术
气管切开口缝合术	气管造口闭合术
右桡骨远端骨折切开复位内固定术（华森）	桡骨骨折切开复位内固定术
A8B8C8D8阻生齿拔除术。	阻生牙拔除术
全膀胱切除+回肠膀胱术	小肠段分离术##根治性膀胱切除术##可控回肠膀胱术
经尿道前列腺切除术[TURP手术](经尿道前列腺电切术)	经尿道前列腺切除术（TURP）
胸腔镜下胸腺全部切除术	胸腔镜下胸腺全部切除术
左侧胫骨髓内钉内固定术	胫骨内固定术
阴道壁囊肿剥除术	阴道病损切除术
经鼻中隔蝶窦鞍区占位性病变切除术	鞍区病损切除术
肾造瘘术(单)	肾造口术
支撑喉镜下声带肿物切除术（双）	内镜下声带病损切除术
胸腔镜下前纵隔占位切除术	胸腔镜下纵隔病损切除术
小脑蚓部肿瘤切除术	小脑蚓部病损切除术
脑室-腹腔分流术((02.3401))	侧脑室腹腔内分流术
胸腔镜下肺部分切除术	内镜下肺病损或肺组织的切除术或破坏术
(输尿管（或尿道）镜)输尿管镜下取异物术((56.0004))	经尿道输尿管/肾盂异物取出术
右眼硅油取出术	玻璃体硅油取出术
侧脑室-腹腔分流管调整术	脑室腹腔分流管调整术
颅骨钛板修补术((02.0504))	颅骨钛板置入术
腹腔镜左侧肾上腺肿瘤切除术（腹膜后入路）	腹腔镜肾上腺病损切除术
1.子宫下段剖宫产术	低位子宫下段剖宫产
阔韧带肌瘤剥除术	阔韧带病损切除术
VATS右前纵隔占位切除术	胸腔镜下纵隔病损切除术
右侧胸腔镜下胸腺切除术	胸腔镜下胸腺切除术
大隐静脉点式剥脱术	大隐静脉曲张剥脱术
左股骨内固定装置取出术	股骨内固定装置去除术
经皮二尖瓣球囊扩张术	经导管二尖瓣球囊扩张成形术
支撑喉镜下CO2激光左侧声带新生物切除术	内镜下声带病损激光切除术
支撑喉镜下双声带息肉显微切除术	支撑喉镜下声带显微缝合术
白内障超声乳化抽吸术	白内障晶状体乳化和抽吸
尿道下裂矫治术	尿道下裂修补术
右甲状腺腺叶加峡部切除术	单侧甲状腺切除伴甲状腺峡部切除术
左三叉神经Ⅱ、Ⅲ支射频热凝术	颅和周围神经的破坏术
宫颈活检术	子宫颈内活组织检查
腹腔镜下右半结肠切除术	腹腔镜右半结肠切除术
经尿道前列腺电切术+尿道扩张术	经尿道前列腺切除术（TURP）##尿道扩张
左全髋关节置换术（捷迈公司）	全髋关节置换
大脑开颅右颞叶胶质瘤切除术	颞叶病损切除术
左甲状腺腺叶及峡部切除术	单侧甲状腺切除伴甲状腺峡部切除术
复杂的子宫肌瘤剔除术	子宫肌瘤切除术
胸腔镜左下肺叶楔形切除术	胸腔镜下肺楔形切除术
胸椎后路椎板切除扩大减压术	椎板切除减压术
胸腔镜下左肺结节楔形切除术	胸腔镜下肺病损切除术
肾动脉栓塞术	经导管肾血管栓塞术
左股骨粗隆间骨折切开复位内固定术	股骨骨折切开复位内固定术
膀胱镜移植肾DJ管拔除术	膀胱镜D-J管取出术
为肾透析半永久静脉插管术	为肾透析半永久静脉插管术
支撑喉镜下CO2激光声带新生物切除术	内镜下声带病损激光切除术
右乳癌 保乳手术	单侧保乳乳腺改良根治术
支撑喉镜下会厌囊肿切除术	内镜下会厌病损切除术
右胸锁关节脱位切开复位内固定术	肩锁关节脱位切开复位内固定术
双正中神经松解术	正中神经松解术
经尿道前列腺钬激光剜除术	经尿道(超声)激光诱导前列腺切除术(TULIP)
肾动脉内支架置入术	肾动脉支架置入术
L4/5神经根封闭术	脊神经根阻滞术
甲状腺右叶切除术甲状腺左叶部分切除术	单侧甲状腺切除伴他叶部分切除术
甲状舌管瘘切除术	甲状舌管瘘切除术
右肾窦内肾盂切开取石术	肾盂切开取石术
B超引导下右肾穿刺造瘘术	肾造口术
降主动脉瘤腔内修复术	胸主动脉移植物的血管内植入术
经支撑喉镜声带息肉摘除术	内镜下声带病损切除术
右侧甲状腺全切+左侧甲状腺大部切除术	单侧甲状腺切除伴他叶部分切除术
骶骨肿瘤切开活检术	椎骨活组织检查
(腹腔镜)腹腔镜下胃肿瘤切除术	腹腔镜下胃病损切除术
右后交通动脉瘤夹闭术	后交通动脉瘤夹闭术
右叶甲状腺结节切除术	甲状腺病损切除术
显微镜下经蝶入路垂体瘤切除术	经蝶骨垂体病损切除术
胸壁肿块切除术	胸壁病损切除术
腹腔镜下子宫肌瘤剥除术	子宫肌瘤切除术
左侧甲状腺全切，右侧甲状腺次全切除术	单侧甲状腺切除伴他叶部分切除术
DSA下左T3-5肋间神经阻滞术	肋间神经阻滞术
下腔静脉球囊扩张成形术	腔静脉球囊血管成形术
腹腔镜胃间质瘤切除术	腹腔镜下胃病损切除术
腹主动脉覆膜支架腔内隔绝术	腹主动脉覆膜支架腔内隔绝术
有创心内电生理检查	侵入性电生理测定导管术
左侧面神经微血管减压术。	面神经微血管减压术
左肾部分切除	部分肾切除术
降主动脉支架置入术	胸主动脉支架置入术
开放性右肾部分切除术	部分肾切除术
右肩胛骨骨软骨瘤切除术	肩胛骨病损切除术
右足截肢术	经足截断术
侧脑室储液囊植入术	脑室Ommaya泵置入术
股骨骨折闭合复位髓内针内固定术	股骨骨折闭合性复位术伴内固定
左侧三叉神经半月节射频热凝术	三叉神经半月节射频热凝术
右侧后腹腔镜肾上腺肿物切除术	腹腔镜肾上腺病损切除术
双侧睾丸切除术((62.4101))	同一次手术中去除双侧睾丸
双股骨远端、双胫骨近、远端骨骺固定术	骨骺固定术
右肾上腺囊肿切除术	肾上腺病损切除术
左侧甲状旁腺肿物切除术	甲状旁腺病损切除术
双眼玻璃体腔药物注射术	玻璃体药物注射术
脊髓脊膜膨出切除修补术。	脊髓脊膜膨出修补术
DSA下右T3-5肋间神经阻滞术	肋间神经阻滞术
子宫下段剖宫产术产科剖宫产	低位子宫下段剖宫产
肾动脉球囊扩张术	肾动脉球囊血管成形术
DSA引导下全脑血管造影术	脑血管造影
第四脑室占位切除术	第四脑室病损切除术
左上肺叶切除	肺叶切除术
蛙位石膏拆除并骨盆内固定拆除术	石膏外固定去除##骨盆内固定装置去除术
左侧蝶骨嵴脑膜瘤切除术	脑膜病损切除术
左额脑膜切开引流术	脑膜切开引流术
右手第五掌骨内固定取出术	掌骨内固定装置去除术
颅骨病灶切除术	颅骨病损的切除术
原位肝移植	原位肝移植
甲状腺右叶全切左叶部分切除术	单侧甲状腺切除伴他叶部分切除术
显微支撑喉镜下声带病损切除术	支撑喉镜下声带显微缝合术
支撑喉镜下CO2激光会厌肿物切除术	内镜下会厌病损激光切除术
唇裂术后继发畸形矫正术	唇成形术
(胸腔镜右侧上部)肺楔形切除术((32.2905))	胸腔镜下肺楔形切除术
左额底脑膜瘤显微切除术	脑膜病损切除术
开放右肾肿瘤根治术	单侧肾切除术
支撑咽镜下会厌囊肿切除术	内镜下会厌病损切除术
足趾截断术	趾截断术
膀胱镜下拔DJ管术	膀胱镜D-J管取出术
右手第5掌骨骨折切开复位内固定术	掌骨骨折切开复位内固定术
右半月神经节射频毁损术	颅和周围神经的破坏术
直肠阴道瘘修补术	直肠阴道瘘修补术
左甲全切除术+右甲次全切除术	单侧甲状腺切除伴他叶部分切除术
腰椎PKP术	经皮椎体增强
经颅内镜经蝶垂体瘤切除术	经蝶骨垂体病损切除术
主动脉-冠状动脉搭桥术	主动脉冠状动脉旁路移植，为心脏血管再形成术
前哨淋巴结活检术	前哨淋巴结活组织检查
结肠息肉电凝术	结肠病损切除术
右眼泪囊摘除术	泪囊切除术
荧光显微镜下左侧大脑中动脉动脉瘤显微夹闭术。	大脑中动脉瘤夹闭术
导航下右额占位切除术	额叶病损切除术
VATS左肺上叶舌段切除术	胸腔镜肺叶节段切除术
脑室－腹腔分流术	侧脑室腹腔内分流术
左开胸纵隔肿瘤切除术	纵隔病损切除术
左眼角膜拆线术	角膜缝线去除
腰1椎体骨折术后内固定物取出术	脊柱内固定装置去除术
膀胱部分切除、左输尿管再植术	输尿管膀胱吻合术##部分膀胱切除术
经尿道前列腺绿激光汽化术	经尿道(超声)激光诱导前列腺切除术(TULIP)
VATS辅助下右下肺叶楔形切除术	胸腔镜下肺楔形切除术
胸腔镜左上肺叶楔形切除术	胸腔镜下肺楔形切除术
左甲状腺腺叶＋峡部切除术	单侧甲状腺切除伴甲状腺峡部切除术
颅骨缺损修补	颅成形术
肿瘤介入:经皮穿刺肺肿瘤射频消融术	经皮消融肺的病损或肺组织
腰4.5椎间盘髓核摘除术	腰椎髓核切除术
右第五掌骨骨折切开复位内固定	掌骨骨折切开复位内固定术
支撑喉显微镜下右侧声带息肉摘除术	支撑喉镜下声带显微缝合术
PICC置管术	经外周静脉穿刺中心静脉置管术
VATS左后纵隔肿瘤切除术	胸腔镜下纵隔病损切除术
左下肢动脉切开取栓术	下肢动脉切开术
左输尿管狭窄扩张术	输尿管扩张术
经鼻蝶鞍区占位切除术	鞍区病损切除术
Encor下右乳包块切除术。	乳房病损局部切除术
关节镜下左膝内固定物取出术	骨置入装置去除
右锁骨骨折切开复位植骨内固定	锁骨骨折切开复位内固定术
支撑喉镜下左侧声带新生物摘除术	内镜下声带病损切除术
支撑喉镜下CO2激光左侧声带肿物切除术	内镜下声带病损激光切除术
脑干病损切除术	脑干病损切除术
腰椎间孔镜下神经根松解术	颅和周围神经粘连的松解术和减压术
胸腔镜下右上肺结节楔形切除术	胸腔镜下肺病损切除术
左侧腹腔镜下肾上腺部分切除术	腹腔镜肾上腺部分切除术
左侧输尿管镜碎石取石术+留置输尿管支架术	经尿道输尿管和肾盂梗阻去除##经尿道输尿管支架置入术
脊柱后路生长棒植入术	脊柱生长阀置入术
后入路腰椎间盘切除术	腰椎间盘切除术
右股骨病灶活检术	股骨活组织检查
左侧肩胛上神经脉冲射频术	颅和周围神经的破坏术
左甲状旁腺切除术	甲状旁腺部分切除术
右侧长期股静脉置管术	股静脉穿刺置管术
痔上粘膜环切术（PPH)	痔上直肠黏膜环形切除吻合术（PPH术）
颅骨成型术	颅成形术
腹主动脉瘤腹腔支架腔内隔绝术	腹主动脉覆膜支架腔内隔绝术
肾动脉支架置入术	肾动脉支架置入术
经脐单孔腹腔镜左肾囊肿去顶减压术	腹腔镜下肾囊肿去顶术
左股骨粗隆间骨折术后内固定物取出术	股骨内固定装置去除术
鼻前庭囊肿切除术	鼻内病损切除术
腰椎髓核切除术	腰椎髓核切除术
面神经微血管减压术	面神经微血管减压术
DSA引导下左侧T3-5脊髓和神经根粘连松解术（手术代码;03.6002)	脊髓和神经根粘连的松解术
右全膝置换术 施乐辉G2	全部膝关节置换
腰椎间孔镜下神经根松解减压术	颅和周围神经粘连的松解术和减压术
为肾透析动静脉内瘘成形术	为肾透析，动静脉吻合术
手助腹腔镜左肾摘除术	腹腔镜下单侧肾切除术
通道系统辅助下经椎间孔入路腰椎间盘切除术	腰椎间盘切除术
腹膜透析管拔除术	腹膜透析管去除
经会阴前列腺穿刺术	闭合性[经皮][针吸]前列腺活组织检查
左髂骨肿瘤活检术	骨盆活组织检查
(其他微创)神经导航下脑肿瘤切除术	脑病损切除术
右侧甲状腺腺叶加峡部切除术	单侧甲状腺切除伴甲状腺峡部切除术
胸腔镜辅助下右侧肺大疱切除术	胸腔镜下肺大疱切除术
右侧颞叶占位性病变切除术	颞叶病损切除术
腹腔镜左侧肾上腺肿物切除术	腹腔镜肾上腺病损切除术
直肠前切除术	直肠前切除术
小脑蚓部占位切除术	小脑蚓部病损切除术
右上肢动静脉造瘘术,为肾透析	为肾透析，动静脉吻合术
腹腔镜下全子宫+双侧输卵管切除术	腹腔镜双侧输卵管切除术##腹腔镜经腹全子宫切除术
皮肤肿物切除术	皮肤病损切除术
左髋切开复位、骨盆、股骨截骨术	骨盆楔形截骨术##髋脱位开放性复位术##股骨楔形骨切开术
阴茎下弯矫正+尿道成形术	尿道成形术##阴茎矫直术
左侧甲状腺叶切除术。	单侧甲状腺叶切除术
心脏永久双腔起搏器植入术	双腔永久起搏器置入术
尿道扩张术	尿道扩张
面骨骨折坚固内固定物取出术	去除面骨内固定装置
1腹腔镜下精索静脉高位结扎术（左）2腹腔镜下精索静脉高位结扎术（右）	腹腔镜精索静脉高位结扎术
膀胱肿物电切术	膀胱病损切除术
左顶叶占位切除术	顶叶病损切除术
神经导航下右颞叶病变显微切除术。	颞叶病损切除术
右甲状腺全切除术+左甲状腺部分切除术	单侧甲状腺切除伴他叶部分切除术
(胸腔镜右侧)胸腔镜下胸膜活检术((34.2101))	胸腔镜胸膜活组织检查
甲状腺右叶大部切除术	甲状腺大部切除术
右胸壁血管瘤切除术	胸壁病损切除术
腹式子宫肌瘤剔除术	子宫肌瘤切除术
左侧甲状腺腺瘤切除术	甲状腺病损切除术
DSA引导下双侧L3-5脊髓和神经根粘连松解术	脊髓神经根粘连松解术
胃穿孔修补术	胃修补术
左足内固定装置取出术	骨置入装置去除
直肠经腹会阴联合切除术	腹会阴直肠切除术
经尿道等离子前列腺电汽化术	经尿道前列腺气化电切术[TEVAP手术]
股骨髁上牵引术	股骨髁上牵引
漏斗胸Nuss术	漏斗胸畸形矫正术
大脑开颅左颞叶胶质瘤切除术	颞叶病损切除术
后腹腔镜右侧肾上腺腺瘤切除术	腹腔镜肾上腺病损切除术
胸交感神经切除术	胸交感神经切除术
跖骨内固定物取出术	跖骨内固定装置去除术
桡骨骨折切开复位术	桡骨骨折切开复位术
经会阴前列腺穿刺活检术	闭合性[经皮][针吸]前列腺活组织检查
右耳廓瘢痕疙瘩切除术	外耳病损切除术
右侧腹股沟疝无张力修补术	单侧腹股沟疝无张力修补术
甲状舌管囊肿切除	甲状舌管病损切除术
左桡骨小头切除术	桡骨部分切除术
左耳前瘘管切除术	耳前窦道切除术
左跟腱陈旧性断裂修补术	肌腱修补术
右侧乙状窦后入路三叉神经微血管减压术	三叉神经微血管减压术
尿道下裂Ⅱ期修补术。	尿道下裂修补术
左侧胸壁肿块切除术	胸壁病损切除术
颅内血肿微创穿刺清除术	颅内穿刺引流术
颅骨病损切除术	颅骨病损的切除术
左甲状腺全切除+右甲状腺次全切除术	单侧甲状腺切除伴他叶部分切除术
右甲状腺腺瘤切除术。	甲状腺病损切除术
腰5神经根阻滞术	脊神经根阻滞术
右颞开颅硬膜外血肿清除术	颅内血肿清除术
左髋切开复位+Salter骨盆截骨术	髋脱位开放性复位术
腹主动脉瘤切除人工血管置换术	腹主动脉瘤切除伴置换术
显微支撑喉镜声带息肉切除术	支撑喉镜下声带显微缝合术
左输尿管镜气动碎石术	经尿道输尿管和肾盂梗阻去除
右侧输卵管切除术	单侧输卵管全部切除术
颈部囊性肿物切除术	颈部软组织病损切除术
左侧单侧甲状腺切除伴甲状腺峡部切除术	单侧甲状腺切除伴甲状腺峡部切除术
右耳后扩张器置入术。	耳后扩张器植入术
(血管导管)脾动脉栓塞术	经导管脾动脉栓塞术
左颞顶慢性硬膜下血肿钻孔引流术	硬脑膜下钻孔引流术
